"text","urgency","authority","fear","impersonation","cleaned_text"
"The project documentation has been updated on the wiki.","0","0","0","0","The project documentation has been updated on the wiki."
"Hello, would you like to grab coffee next Tuesday?","0","0","0","0","Hello, would you like to grab coffee next Tuesday?"
"Don't forget the milk on your way home.","0","0","0","0","Don't forget the milk on your way home."
"Urgent message from your bank: Claim your reward now.","1","0","0","1","Urgent message from your bank: Claim your reward now."
"Action Required: Unusual login attempt from Russia. Secure your account.","1","0","1","0","Action Required: Unusual login attempt from Russia. Secure your account."
"Please find the attached agenda for tomorrow's meeting.","0","0","0","0","Please find the attached agenda for tomorrow's meeting."
"IMMEDIATE: Your subscription is cancelled. Pay now to avoid data loss.","1","0","1","0","IMMEDIATE: Your subscription is cancelled. Pay now to avoid data loss."
"This is IT support. We need your password to fix your mailbox.","0","1","0","1","This is IT support. We need your password to fix your mailbox."
"Hi, this is Mark from Finance. Can you send me the Q4 revenue report?","0","1","0","1","Hi, this is Mark from Finance. Can you send me the Q4 revenue report?"
"Meeting reminder: Weekly Sync at 10 AM.","0","0","0","0","Meeting reminder: Weekly Sync at 10 AM."
"Dear Employee, This is the CEO. Please wire $5000 to this account for a secret project.","1","1","0","1","Dear Employee, This is the CEO. Please wire $5000 to this account for a secret project."
"Department of Justice: You are subpoenaed. View the case file here.","1","1","1","0","Department of Justice: You are subpoenaed. View the case file here."
"Hey, are we still on for the movie tonight?","0","0","0","0","Hey, are we still on for the movie tonight?"
"Internal Memo: HR requires your SSN for the new benefits portal.","0","1","0","1","Internal Memo: HR requires your SSN for the new benefits portal."
"Emergency: Your child was in an accident. Send insurance details.","1","0","1","1","Emergency: Your child was in an accident. Send insurance details."
"Hi mom, I lost my phone. Can you send me some money for a new one?","1","0","0","1","Hi mom, I lost my phone. Can you send me some money for a new one?"
"Can you review this pull request when you have a moment?","0","0","0","0","Can you review this pull request when you have a moment?"
"You have a new voicemail. Listen here.","0","0","0","0","You have a new voicemail. Listen here."
"Urgent: Your account will be locked in 1 hour if you don't verify.","1","0","1","0","Urgent: Your account will be locked in 1 hour if you don't verify."
"Your order has been shipped. Track it here.","0","0","0","0","Your order has been shipped. Track it here."
"Police Dept: Unpaid traffic violation found. Pay or face arrest.","1","1","1","0","Police Dept: Unpaid traffic violation found. Pay or face arrest."
"I am the CEO. Wire $50k immediately for the merger.","1","1","0","1","I am the CEO. Wire $50k immediately for the merger."
"IRS Final Notice: Lawsuit filed against you.","1","1","1","0","IRS Final Notice: Lawsuit filed against you."
"From the Desk of the President: Confidential Inquiry.","0","1","0","0","From the Desk of the President: Confidential Inquiry."
"Police Warrant Issued. Call this number to resolve.","1","1","1","0","Police Warrant Issued. Call this number to resolve."
"HR Director: Your termination notice is attached.","1","1","1","0","HR Director: Your termination notice is attached."
"System Admin: Root access detected. reset password.","1","1","1","1","System Admin: Root access detected. reset password."
"Manager: I need those gift cards by 2 PM.","1","1","0","0","Manager: I need those gift cards by 2 PM."
"FBI: Illegal activity detected on your IP.","1","1","1","0","FBI: Illegal activity detected on your IP."
"Your account has been hacked. 2FA disabled.","1","0","1","0","Your account has been hacked. 2FA disabled."
"We recorded you through your webcam. Pay BTC.","1","0","1","0","We recorded you through your webcam. Pay BTC."
"Your child has been kidnapped. Do not call police.","1","0","1","0","Your child has been kidnapped. Do not call police."
"Final Warning: Electricity will be cut off.","1","1","1","0","Final Warning: Electricity will be cut off."
"Subscription expired. Your data will be deleted in 10 mins.","1","0","1","0","Subscription expired. Your data will be deleted in 10 mins."
"Virus detected! Your computer is infected.","1","0","1","0","Virus detected! Your computer is infected."
"Unauthorized backup detected. content leaked.","1","0","1","0","Unauthorized backup detected. content leaked."
"Netflix: Payment declined. Update card to keep watching.","1","0","0","1","Netflix: Payment declined. Update card to keep watching."
"Amazon: Suspicious order of $2000 placed.","1","0","1","1","Amazon: Suspicious order of $2000 placed."
"Microsoft: Windows Defender needs an update.","0","1","0","1","Microsoft: Windows Defender needs an update."
"Apple Support: iCloud storage full. Photos pending delete.","1","0","1","1","Apple Support: iCloud storage full. Photos pending delete."
"PayPal: You sent $500 to unknown@email.com. Cancel?","1","0","1","1","PayPal: You sent $500 to unknown@email.com. Cancel?"
"Chase Bank: Zelle transfer initiated. Authorize?","1","1","0","1","Chase Bank: Zelle transfer initiated. Authorize?"
"LinkedIn: Your profile appeared in 50 searches.","0","0","0","1","LinkedIn: Your profile appeared in 50 searches."
"Zoom: Meeting started without you. Join now.","0","0","0","1","Zoom: Meeting started without you. Join now."
"Can we reschedule the meeting to 3 PM?","0","0","0","0","Can we reschedule the meeting to 3 PM?"
"Here are the photos from the trip.","0","0","0","0","Here are the photos from the trip."
"Project timeline update for Q3.","0","0","0","0","Project timeline update for Q3."
"Lunch is on me today!","0","0","0","0","Lunch is on me today!"
"Reminder: Team building event on Friday.","0","0","0","0","Reminder: Team building event on Friday."
"Official notice from the Police Department regarding suspicious activity","0","1","0","0","Official notice from the Police Department regarding suspicious activity"
"Cyber Crime Cell has detected illegal access from your IP address","0","1","1","0","Cyber Crime Cell has detected illegal access from your IP address"
"Government of India security advisory issued for your account","0","1","0","0","Government of India security advisory issued for your account"
"Legal notice issued by the court. Immediate response required","1","1","1","0","Legal notice issued by the court. Immediate response required"
"FBI Internet Crime Complaint Center has flagged your device","0","1","1","0","FBI Internet Crime Complaint Center has flagged your device"
"RBI has temporarily restricted your bank account","1","1","1","0","RBI has temporarily restricted your bank account"
"Your bank security team requests verification of your identity","1","1","0","1","Your bank security team requests verification of your identity"
"Income Tax Department refund verification pending","0","1","0","1","Income Tax Department refund verification pending"
"Official communication from SBI regarding account compliance","0","1","0","0","Official communication from SBI regarding account compliance"
"Federal Bank compliance team requires immediate confirmation","1","1","0","1","Federal Bank compliance team requires immediate confirmation"
"Microsoft Support detected malware on your system","1","1","1","1","Microsoft Support detected malware on your system"
"Official Microsoft Security Alert: Action required","1","1","1","1","Official Microsoft Security Alert: Action required"
"Google Security Team requires password reset","1","1","0","1","Google Security Team requires password reset"
"Apple Support has locked your Apple ID","1","1","1","1","Apple Support has locked your Apple ID"
"Meta Business Security Team flagged unusual login","1","1","0","1","Meta Business Security Team flagged unusual login"
"This is the CEO. Complete the transfer immediately","1","1","0","1","This is the CEO. Complete the transfer immediately"
"Urgent request from company director regarding confidential payment","1","1","0","1","Urgent request from company director regarding confidential payment"
"Chairman requires immediate approval for transaction","1","1","0","1","Chairman requires immediate approval for transaction"
"Finance head requesting emergency fund release","1","1","0","1","Finance head requesting emergency fund release"
"Executive management requires immediate action","1","1","0","0","Executive management requires immediate action"
"Failure to comply will result in legal action by authorities","1","1","1","0","Failure to comply will result in legal action by authorities"
"Your account is under investigation by law enforcement","0","1","1","0","Your account is under investigation by law enforcement"
"Immediate response required to avoid penalties from tax department","1","1","1","0","Immediate response required to avoid penalties from tax department"
"Security breach reported to government cyber division","0","1","1","0","Security breach reported to government cyber division"
"Non-compliance may lead to permanent account suspension","1","1","1","1","Non-compliance may lead to permanent account suspension"
"Court Authority alert: legal action will be initiated. Please complete verification to avoid consequences.","1","1","1","1","Court Authority alert: legal action will be initiated. Please complete verification to avoid consequences."
"Managing Director alert: unauthorized access detected. Please verify your identity immediately.","1","1","1","1","Managing Director alert: unauthorized access detected. Please verify your identity immediately."
"Managing Director alert: account will be suspended. Please verify your identity immediately.","1","1","1","1","Managing Director alert: account will be suspended. Please verify your identity immediately."
"Court Authority alert: penalties will be applied. Please complete verification to avoid consequences.","1","1","1","1","Court Authority alert: penalties will be applied. Please complete verification to avoid consequences."
"Police Department alert: device has been compromised. Please respond within 24 hours.","1","1","1","1","Police Department alert: device has been compromised. Please respond within 24 hours."
"Meta Business Security alert: financial loss may occur. Please click the link to confirm details.","1","1","1","1","Meta Business Security alert: financial loss may occur. Please click the link to confirm details."
"Court Authority alert: data leak detected. Please complete verification to avoid consequences.","1","1","1","1","Court Authority alert: data leak detected. Please complete verification to avoid consequences."
"RBI alert: financial loss may occur. Please click the link to confirm details.","1","1","1","1","RBI alert: financial loss may occur. Please click the link to confirm details."
"Microsoft Security Team alert: data leak detected. Please update your information now.","1","1","1","1","Microsoft Security Team alert: data leak detected. Please update your information now."
"Income Tax Department alert: security breach identified. Please complete verification to avoid consequences.","1","1","1","1","Income Tax Department alert: security breach identified. Please complete verification to avoid consequences."
"Police Department alert: financial loss may occur. Please update your information now.","1","1","1","1","Police Department alert: financial loss may occur. Please update your information now."
"Meta Business Security alert: financial loss may occur. Please complete verification to avoid consequences.","1","1","1","1","Meta Business Security alert: financial loss may occur. Please complete verification to avoid consequences."
"Bank Compliance Department alert: account will be suspended. Please click the link to confirm details.","1","1","1","1","Bank Compliance Department alert: account will be suspended. Please click the link to confirm details."
"Apple Support alert: legal action will be initiated. Please respond within 24 hours.","1","1","1","1","Apple Support alert: legal action will be initiated. Please respond within 24 hours."
"Managing Director alert: financial loss may occur. Please complete verification to avoid consequences.","1","1","1","1","Managing Director alert: financial loss may occur. Please complete verification to avoid consequences."
"Company CEO alert: financial loss may occur. Please verify your identity immediately.","1","1","1","1","Company CEO alert: financial loss may occur. Please verify your identity immediately."
"RBI alert: financial loss may occur. Please verify your identity immediately.","1","1","1","1","RBI alert: financial loss may occur. Please verify your identity immediately."
"Managing Director alert: account will be suspended. Please complete verification to avoid consequences.","1","1","1","1","Managing Director alert: account will be suspended. Please complete verification to avoid consequences."
"Apple Support alert: penalties will be applied. Please complete verification to avoid consequences.","1","1","1","1","Apple Support alert: penalties will be applied. Please complete verification to avoid consequences."
"FBI alert: data leak detected. Please update your information now.","1","1","1","1","FBI alert: data leak detected. Please update your information now."
"Income Tax Department alert: account will be suspended. Please complete verification to avoid consequences.","1","1","1","1","Income Tax Department alert: account will be suspended. Please complete verification to avoid consequences."
"Apple Support alert: penalties will be applied. Please click the link to confirm details.","1","1","1","1","Apple Support alert: penalties will be applied. Please click the link to confirm details."
"Microsoft Security Team alert: financial loss may occur. Please verify your identity immediately.","1","1","1","1","Microsoft Security Team alert: financial loss may occur. Please verify your identity immediately."
"RBI alert: financial loss may occur. Please update your information now.","1","1","1","1","RBI alert: financial loss may occur. Please update your information now."
"Court Authority alert: account will be suspended. Please verify your identity immediately.","1","1","1","1","Court Authority alert: account will be suspended. Please verify your identity immediately."
"RBI alert: device has been compromised. Please update your information now.","1","1","1","1","RBI alert: device has been compromised. Please update your information now."
"Apple Support alert: financial loss may occur. Please complete verification to avoid consequences.","1","1","1","1","Apple Support alert: financial loss may occur. Please complete verification to avoid consequences."
"Meta Business Security alert: legal action will be initiated. Please respond within 24 hours.","1","1","1","1","Meta Business Security alert: legal action will be initiated. Please respond within 24 hours."
"Cyber Crime Cell alert: unauthorized access detected. Please respond within 24 hours.","1","1","1","1","Cyber Crime Cell alert: unauthorized access detected. Please respond within 24 hours."
"Apple Support alert: account will be suspended. Please verify your identity immediately.","1","1","1","1","Apple Support alert: account will be suspended. Please verify your identity immediately."
"Police Department alert: data leak detected. Please update your information now.","1","1","1","1","Police Department alert: data leak detected. Please update your information now."
"RBI alert: account will be suspended. Please respond within 24 hours.","1","1","1","1","RBI alert: account will be suspended. Please respond within 24 hours."
"Court Authority alert: device has been compromised. Please verify your identity immediately.","1","1","1","1","Court Authority alert: device has been compromised. Please verify your identity immediately."
"Bank Compliance Department alert: penalties will be applied. Please update your information now.","1","1","1","1","Bank Compliance Department alert: penalties will be applied. Please update your information now."
"HR Department alert: account will be suspended. Please complete verification to avoid consequences.","1","1","1","1","HR Department alert: account will be suspended. Please complete verification to avoid consequences."
"FBI alert: account will be suspended. Please update your information now.","1","1","1","1","FBI alert: account will be suspended. Please update your information now."
"Income Tax Department alert: security breach identified. Please respond within 24 hours.","1","1","1","1","Income Tax Department alert: security breach identified. Please respond within 24 hours."
"Cyber Crime Cell alert: financial loss may occur. Please respond within 24 hours.","1","1","1","1","Cyber Crime Cell alert: financial loss may occur. Please respond within 24 hours."
"Cyber Crime Cell alert: legal action will be initiated. Please respond within 24 hours.","1","1","1","1","Cyber Crime Cell alert: legal action will be initiated. Please respond within 24 hours."
"RBI alert: data leak detected. Please update your information now.","1","1","1","1","RBI alert: data leak detected. Please update your information now."
"Court Authority alert: security breach identified. Please verify your identity immediately.","1","1","1","1","Court Authority alert: security breach identified. Please verify your identity immediately."
"Cyber Crime Cell alert: data leak detected. Please update your information now.","1","1","1","1","Cyber Crime Cell alert: data leak detected. Please update your information now."
"Apple Support alert: financial loss may occur. Please respond within 24 hours.","1","1","1","1","Apple Support alert: financial loss may occur. Please respond within 24 hours."
"Income Tax Department alert: penalties will be applied. Please verify your identity immediately.","1","1","1","1","Income Tax Department alert: penalties will be applied. Please verify your identity immediately."
"Bank Compliance Department alert: legal action will be initiated. Please respond within 24 hours.","1","1","1","1","Bank Compliance Department alert: legal action will be initiated. Please respond within 24 hours."
"Income Tax Department alert: penalties will be applied. Please update your information now.","1","1","1","1","Income Tax Department alert: penalties will be applied. Please update your information now."
"Meta Business Security alert: device has been compromised. Please click the link to confirm details.","1","1","1","1","Meta Business Security alert: device has been compromised. Please click the link to confirm details."
"FBI alert: account will be suspended. Please respond within 24 hours.","1","1","1","1","FBI alert: account will be suspended. Please respond within 24 hours."
"FBI alert: financial loss may occur. Please click the link to confirm details.","1","1","1","1","FBI alert: financial loss may occur. Please click the link to confirm details."
"Company CEO alert: financial loss may occur. Please update your information now.","1","1","1","1","Company CEO alert: financial loss may occur. Please update your information now."
"Bank Compliance Department alert: legal action will be initiated. Please complete verification to avoid consequences.","1","1","1","1","Bank Compliance Department alert: legal action will be initiated. Please complete verification to avoid consequences."
"Managing Director alert: security breach identified. Please verify your identity immediately.","1","1","1","1","Managing Director alert: security breach identified. Please verify your identity immediately."
"Cyber Crime Cell alert: data leak detected. Please click the link to confirm details.","1","1","1","1","Cyber Crime Cell alert: data leak detected. Please click the link to confirm details."
"Bank Compliance Department alert: unauthorized access detected. Please respond within 24 hours.","1","1","1","1","Bank Compliance Department alert: unauthorized access detected. Please respond within 24 hours."
"Apple Support alert: penalties will be applied. Please update your information now.","1","1","1","1","Apple Support alert: penalties will be applied. Please update your information now."
"RBI alert: legal action will be initiated. Please verify your identity immediately.","1","1","1","1","RBI alert: legal action will be initiated. Please verify your identity immediately."
"HR Department alert: security breach identified. Please complete verification to avoid consequences.","1","1","1","1","HR Department alert: security breach identified. Please complete verification to avoid consequences."
"Cyber Crime Cell alert: penalties will be applied. Please click the link to confirm details.","1","1","1","1","Cyber Crime Cell alert: penalties will be applied. Please click the link to confirm details."
"Company CEO alert: legal action will be initiated. Please update your information now.","1","1","1","1","Company CEO alert: legal action will be initiated. Please update your information now."
"HR Department alert: penalties will be applied. Please respond within 24 hours.","1","1","1","1","HR Department alert: penalties will be applied. Please respond within 24 hours."
"Managing Director alert: penalties will be applied. Please click the link to confirm details.","1","1","1","1","Managing Director alert: penalties will be applied. Please click the link to confirm details."
"Meta Business Security alert: device has been compromised. Please update your information now.","1","1","1","1","Meta Business Security alert: device has been compromised. Please update your information now."
"Cyber Crime Cell alert: legal action will be initiated. Please click the link to confirm details.","1","1","1","1","Cyber Crime Cell alert: legal action will be initiated. Please click the link to confirm details."
"Income Tax Department alert: data leak detected. Please update your information now.","1","1","1","1","Income Tax Department alert: data leak detected. Please update your information now."
"Apple Support alert: data leak detected. Please click the link to confirm details.","1","1","1","1","Apple Support alert: data leak detected. Please click the link to confirm details."
"Managing Director alert: legal action will be initiated. Please respond within 24 hours.","1","1","1","1","Managing Director alert: legal action will be initiated. Please respond within 24 hours."
"Police Department alert: penalties will be applied. Please verify your identity immediately.","1","1","1","1","Police Department alert: penalties will be applied. Please verify your identity immediately."
"Microsoft Security Team alert: legal action will be initiated. Please click the link to confirm details.","1","1","1","1","Microsoft Security Team alert: legal action will be initiated. Please click the link to confirm details."
"Microsoft Security Team alert: account will be suspended. Please respond within 24 hours.","1","1","1","1","Microsoft Security Team alert: account will be suspended. Please respond within 24 hours."
"Income Tax Department alert: device has been compromised. Please update your information now.","1","1","1","1","Income Tax Department alert: device has been compromised. Please update your information now."
"Google Security Team alert: penalties will be applied. Please update your information now.","1","1","1","1","Google Security Team alert: penalties will be applied. Please update your information now."
"HR Department alert: penalties will be applied. Please complete verification to avoid consequences.","1","1","1","1","HR Department alert: penalties will be applied. Please complete verification to avoid consequences."
"Google Security Team alert: penalties will be applied. Please verify your identity immediately.","1","1","1","1","Google Security Team alert: penalties will be applied. Please verify your identity immediately."
"Google Security Team alert: device has been compromised. Please complete verification to avoid consequences.","1","1","1","1","Google Security Team alert: device has been compromised. Please complete verification to avoid consequences."
"Police Department alert: device has been compromised. Please verify your identity immediately.","1","1","1","1","Police Department alert: device has been compromised. Please verify your identity immediately."
"Court Authority alert: financial loss may occur. Please update your information now.","1","1","1","1","Court Authority alert: financial loss may occur. Please update your information now."
"FBI alert: legal action will be initiated. Please complete verification to avoid consequences.","1","1","1","1","FBI alert: legal action will be initiated. Please complete verification to avoid consequences."
"Meta Business Security alert: account will be suspended. Please verify your identity immediately.","1","1","1","1","Meta Business Security alert: account will be suspended. Please verify your identity immediately."
"Company CEO alert: data leak detected. Please click the link to confirm details.","1","1","1","1","Company CEO alert: data leak detected. Please click the link to confirm details."
"Apple Support alert: financial loss may occur. Please update your information now.","1","1","1","1","Apple Support alert: financial loss may occur. Please update your information now."
"Google Security Team alert: penalties will be applied. Please complete verification to avoid consequences.","1","1","1","1","Google Security Team alert: penalties will be applied. Please complete verification to avoid consequences."
"Police Department alert: penalties will be applied. Please complete verification to avoid consequences.","1","1","1","1","Police Department alert: penalties will be applied. Please complete verification to avoid consequences."
"Court Authority alert: unauthorized access detected. Please update your information now.","1","1","1","1","Court Authority alert: unauthorized access detected. Please update your information now."
"Court Authority alert: account will be suspended. Please update your information now.","1","1","1","1","Court Authority alert: account will be suspended. Please update your information now."
"Meta Business Security alert: unauthorized access detected. Please click the link to confirm details.","1","1","1","1","Meta Business Security alert: unauthorized access detected. Please click the link to confirm details."
"Managing Director alert: legal action will be initiated. Please update your information now.","1","1","1","1","Managing Director alert: legal action will be initiated. Please update your information now."
"Court Authority alert: device has been compromised. Please update your information now.","1","1","1","1","Court Authority alert: device has been compromised. Please update your information now."
"Income Tax Department alert: legal action will be initiated. Please respond within 24 hours.","1","1","1","1","Income Tax Department alert: legal action will be initiated. Please respond within 24 hours."
"Court Authority alert: security breach identified. Please update your information now.","1","1","1","1","Court Authority alert: security breach identified. Please update your information now."
"FBI alert: penalties will be applied. Please verify your identity immediately.","1","1","1","1","FBI alert: penalties will be applied. Please verify your identity immediately."
"RBI alert: legal action will be initiated. Please complete verification to avoid consequences.","1","1","1","1","RBI alert: legal action will be initiated. Please complete verification to avoid consequences."
"Apple Support alert: unauthorized access detected. Please verify your identity immediately.","1","1","1","1","Apple Support alert: unauthorized access detected. Please verify your identity immediately."
"Google Security Team alert: security breach identified. Please verify your identity immediately.","1","1","1","1","Google Security Team alert: security breach identified. Please verify your identity immediately."
"FBI alert: security breach identified. Please update your information now.","1","1","1","1","FBI alert: security breach identified. Please update your information now."
"Income Tax Department alert: device has been compromised. Please complete verification to avoid consequences.","1","1","1","1","Income Tax Department alert: device has been compromised. Please complete verification to avoid consequences."
"Court Authority alert: account will be suspended. Please click the link to confirm details.","1","1","1","1","Court Authority alert: account will be suspended. Please click the link to confirm details."
"FBI alert: legal action will be initiated. Please click the link to confirm details.","1","1","1","1","FBI alert: legal action will be initiated. Please click the link to confirm details."
"HR Department alert: penalties will be applied. Please click the link to confirm details.","1","1","1","1","HR Department alert: penalties will be applied. Please click the link to confirm details."
"Income Tax Department alert: financial loss may occur. Please update your information now.","1","1","1","1","Income Tax Department alert: financial loss may occur. Please update your information now."
"FBI alert: device has been compromised. Please verify your identity immediately.","1","1","1","1","FBI alert: device has been compromised. Please verify your identity immediately."
"Managing Director alert: device has been compromised. Please update your information now.","1","1","1","1","Managing Director alert: device has been compromised. Please update your information now."
"Cyber Crime Cell alert: data leak detected. Please respond within 24 hours.","1","1","1","1","Cyber Crime Cell alert: data leak detected. Please respond within 24 hours."
"Bank Compliance Department alert: data leak detected. Please complete verification to avoid consequences.","1","1","1","1","Bank Compliance Department alert: data leak detected. Please complete verification to avoid consequences."
"Bank Compliance Department alert: unauthorized access detected. Please click the link to confirm details.","1","1","1","1","Bank Compliance Department alert: unauthorized access detected. Please click the link to confirm details."
"RBI alert: financial loss may occur. Please complete verification to avoid consequences.","1","1","1","1","RBI alert: financial loss may occur. Please complete verification to avoid consequences."
"FBI alert: data leak detected. Please verify your identity immediately.","1","1","1","1","FBI alert: data leak detected. Please verify your identity immediately."
"Apple Support alert: penalties will be applied. Please respond within 24 hours.","1","1","1","1","Apple Support alert: penalties will be applied. Please respond within 24 hours."
"Apple Support alert: legal action will be initiated. Please update your information now.","1","1","1","1","Apple Support alert: legal action will be initiated. Please update your information now."
"FBI alert: security breach identified. Please respond within 24 hours.","1","1","1","1","FBI alert: security breach identified. Please respond within 24 hours."
"Managing Director alert: unauthorized access detected. Please click the link to confirm details.","1","1","1","1","Managing Director alert: unauthorized access detected. Please click the link to confirm details."
"Police Department alert: unauthorized access detected. Please update your information now.","1","1","1","1","Police Department alert: unauthorized access detected. Please update your information now."
"Income Tax Department alert: account will be suspended. Please verify your identity immediately.","1","1","1","1","Income Tax Department alert: account will be suspended. Please verify your identity immediately."
"RBI alert: security breach identified. Please click the link to confirm details.","1","1","1","1","RBI alert: security breach identified. Please click the link to confirm details."
"Police Department alert: device has been compromised. Please update your information now.","1","1","1","1","Police Department alert: device has been compromised. Please update your information now."
"Apple Support alert: account will be suspended. Please update your information now.","1","1","1","1","Apple Support alert: account will be suspended. Please update your information now."
"Microsoft Security Team alert: account will be suspended. Please update your information now.","1","1","1","1","Microsoft Security Team alert: account will be suspended. Please update your information now."
"Court Authority alert: data leak detected. Please update your information now.","1","1","1","1","Court Authority alert: data leak detected. Please update your information now."
"Microsoft Security Team alert: unauthorized access detected. Please verify your identity immediately.","1","1","1","1","Microsoft Security Team alert: unauthorized access detected. Please verify your identity immediately."
"Police Department alert: legal action will be initiated. Please update your information now.","1","1","1","1","Police Department alert: legal action will be initiated. Please update your information now."
"Bank Compliance Department alert: data leak detected. Please update your information now.","1","1","1","1","Bank Compliance Department alert: data leak detected. Please update your information now."
"Cyber Crime Cell alert: data leak detected. Please verify your identity immediately.","1","1","1","1","Cyber Crime Cell alert: data leak detected. Please verify your identity immediately."
"RBI alert: account will be suspended. Please update your information now.","1","1","1","1","RBI alert: account will be suspended. Please update your information now."
"Income Tax Department alert: data leak detected. Please verify your identity immediately.","1","1","1","1","Income Tax Department alert: data leak detected. Please verify your identity immediately."
"FBI alert: device has been compromised. Please respond within 24 hours.","1","1","1","1","FBI alert: device has been compromised. Please respond within 24 hours."
"Police Department alert: penalties will be applied. Please click the link to confirm details.","1","1","1","1","Police Department alert: penalties will be applied. Please click the link to confirm details."
"Meta Business Security alert: device has been compromised. Please complete verification to avoid consequences.","1","1","1","1","Meta Business Security alert: device has been compromised. Please complete verification to avoid consequences."
"Company CEO alert: device has been compromised. Please click the link to confirm details.","1","1","1","1","Company CEO alert: device has been compromised. Please click the link to confirm details."
"Income Tax Department alert: security breach identified. Please click the link to confirm details.","1","1","1","1","Income Tax Department alert: security breach identified. Please click the link to confirm details."
"Income Tax Department alert: legal action will be initiated. Please complete verification to avoid consequences.","1","1","1","1","Income Tax Department alert: legal action will be initiated. Please complete verification to avoid consequences."
"FBI alert: data leak detected. Please respond within 24 hours.","1","1","1","1","FBI alert: data leak detected. Please respond within 24 hours."
"Google Security Team alert: account will be suspended. Please update your information now.","1","1","1","1","Google Security Team alert: account will be suspended. Please update your information now."
"Apple Support alert: account will be suspended. Please respond within 24 hours.","1","1","1","1","Apple Support alert: account will be suspended. Please respond within 24 hours."
"Google Security Team alert: financial loss may occur. Please complete verification to avoid consequences.","1","1","1","1","Google Security Team alert: financial loss may occur. Please complete verification to avoid consequences."
"Apple Support alert: data leak detected. Please complete verification to avoid consequences.","1","1","1","1","Apple Support alert: data leak detected. Please complete verification to avoid consequences."
"Meta Business Security alert: legal action will be initiated. Please complete verification to avoid consequences.","1","1","1","1","Meta Business Security alert: legal action will be initiated. Please complete verification to avoid consequences."
"Apple Support alert: data leak detected. Please respond within 24 hours.","1","1","1","1","Apple Support alert: data leak detected. Please respond within 24 hours."
"Police Department alert: data leak detected. Please complete verification to avoid consequences.","1","1","1","1","Police Department alert: data leak detected. Please complete verification to avoid consequences."
"RBI alert: account will be suspended. Please click the link to confirm details.","1","1","1","1","RBI alert: account will be suspended. Please click the link to confirm details."
"Police Department alert: data leak detected. Please click the link to confirm details.","1","1","1","1","Police Department alert: data leak detected. Please click the link to confirm details."
"RBI alert: legal action will be initiated. Please respond within 24 hours.","1","1","1","1","RBI alert: legal action will be initiated. Please respond within 24 hours."
"Income Tax Department alert: security breach identified. Please update your information now.","1","1","1","1","Income Tax Department alert: security breach identified. Please update your information now."
"Police Department alert: penalties will be applied. Please respond within 24 hours.","1","1","1","1","Police Department alert: penalties will be applied. Please respond within 24 hours."
"Cyber Crime Cell alert: security breach identified. Please click the link to confirm details.","1","1","1","1","Cyber Crime Cell alert: security breach identified. Please click the link to confirm details."
"RBI alert: unauthorized access detected. Please update your information now.","1","1","1","1","RBI alert: unauthorized access detected. Please update your information now."
"Microsoft Security Team alert: penalties will be applied. Please update your information now.","1","1","1","1","Microsoft Security Team alert: penalties will be applied. Please update your information now."
"Income Tax Department alert: financial loss may occur. Please complete verification to avoid consequences.","1","1","1","1","Income Tax Department alert: financial loss may occur. Please complete verification to avoid consequences."
"Google Security Team alert: device has been compromised. Please click the link to confirm details.","1","1","1","1","Google Security Team alert: device has been compromised. Please click the link to confirm details."
"Company CEO alert: security breach identified. Please verify your identity immediately.","1","1","1","1","Company CEO alert: security breach identified. Please verify your identity immediately."
"Managing Director alert: device has been compromised. Please verify your identity immediately.","1","1","1","1","Managing Director alert: device has been compromised. Please verify your identity immediately."
"HR Department alert: security breach identified. Please click the link to confirm details.","1","1","1","1","HR Department alert: security breach identified. Please click the link to confirm details."
"Company CEO alert: account will be suspended. Please verify your identity immediately.","1","1","1","1","Company CEO alert: account will be suspended. Please verify your identity immediately."
"Microsoft Security Team alert: financial loss may occur. Please respond within 24 hours.","1","1","1","1","Microsoft Security Team alert: financial loss may occur. Please respond within 24 hours."
"RBI alert: security breach identified. Please verify your identity immediately.","1","1","1","1","RBI alert: security breach identified. Please verify your identity immediately."
"Cyber Crime Cell alert: unauthorized access detected. Please verify your identity immediately.","1","1","1","1","Cyber Crime Cell alert: unauthorized access detected. Please verify your identity immediately."
"FBI alert: account will be suspended. Please verify your identity immediately.","1","1","1","1","FBI alert: account will be suspended. Please verify your identity immediately."
"Company CEO alert: data leak detected. Please respond within 24 hours.","1","1","1","1","Company CEO alert: data leak detected. Please respond within 24 hours."
"FBI alert: penalties will be applied. Please respond within 24 hours.","1","1","1","1","FBI alert: penalties will be applied. Please respond within 24 hours."
"Income Tax Department alert: penalties will be applied. Please complete verification to avoid consequences.","1","1","1","1","Income Tax Department alert: penalties will be applied. Please complete verification to avoid consequences."
"Police Department alert: account will be suspended. Please respond within 24 hours.","1","1","1","1","Police Department alert: account will be suspended. Please respond within 24 hours."
"Google Security Team alert: unauthorized access detected. Please complete verification to avoid consequences.","1","1","1","1","Google Security Team alert: unauthorized access detected. Please complete verification to avoid consequences."
"FBI alert: legal action will be initiated. Please update your information now.","1","1","1","1","FBI alert: legal action will be initiated. Please update your information now."
"RBI alert: account will be suspended. Please verify your identity immediately.","1","1","1","1","RBI alert: account will be suspended. Please verify your identity immediately."
"Cyber Crime Cell alert: legal action will be initiated. Please update your information now.","1","1","1","1","Cyber Crime Cell alert: legal action will be initiated. Please update your information now."
"FBI alert: account will be suspended. Please complete verification to avoid consequences.","1","1","1","1","FBI alert: account will be suspended. Please complete verification to avoid consequences."
"HR Department alert: penalties will be applied. Please update your information now.","1","1","1","1","HR Department alert: penalties will be applied. Please update your information now."
"Police Department alert: data leak detected. Please verify your identity immediately.","1","1","1","1","Police Department alert: data leak detected. Please verify your identity immediately."
"HR Department alert: legal action will be initiated. Please respond within 24 hours.","1","1","1","1","HR Department alert: legal action will be initiated. Please respond within 24 hours."
"Apple Support alert: legal action will be initiated. Please click the link to confirm details.","1","1","1","1","Apple Support alert: legal action will be initiated. Please click the link to confirm details."
"Google Security Team alert: account will be suspended. Please respond within 24 hours.","1","1","1","1","Google Security Team alert: account will be suspended. Please respond within 24 hours."
"Bank Compliance Department alert: legal action will be initiated. Please verify your identity immediately.","1","1","1","1","Bank Compliance Department alert: legal action will be initiated. Please verify your identity immediately."
"Managing Director alert: penalties will be applied. Please respond within 24 hours.","1","1","1","1","Managing Director alert: penalties will be applied. Please respond within 24 hours."
"Police Department alert: legal action will be initiated. Please click the link to confirm details.","1","1","1","1","Police Department alert: legal action will be initiated. Please click the link to confirm details."
"Apple Support alert: device has been compromised. Please respond within 24 hours.","1","1","1","1","Apple Support alert: device has been compromised. Please respond within 24 hours."
"Company CEO alert: penalties will be applied. Please click the link to confirm details.","1","1","1","1","Company CEO alert: penalties will be applied. Please click the link to confirm details."
"Apple Support alert: device has been compromised. Please click the link to confirm details.","1","1","1","1","Apple Support alert: device has been compromised. Please click the link to confirm details."
"Apple Support alert: unauthorized access detected. Please complete verification to avoid consequences.","1","1","1","1","Apple Support alert: unauthorized access detected. Please complete verification to avoid consequences."
"Google Security Team alert: legal action will be initiated. Please verify your identity immediately.","1","1","1","1","Google Security Team alert: legal action will be initiated. Please verify your identity immediately."
"Company CEO alert: security breach identified. Please update your information now.","1","1","1","1","Company CEO alert: security breach identified. Please update your information now."
"Court Authority alert: penalties will be applied. Please click the link to confirm details.","1","1","1","1","Court Authority alert: penalties will be applied. Please click the link to confirm details."
"Police Department alert: legal action will be initiated. Please verify your identity immediately.","1","1","1","1","Police Department alert: legal action will be initiated. Please verify your identity immediately."
"Meta Business Security alert: data leak detected. Please update your information now.","1","1","1","1","Meta Business Security alert: data leak detected. Please update your information now."
"Police Department alert: financial loss may occur. Please respond within 24 hours.","1","1","1","1","Police Department alert: financial loss may occur. Please respond within 24 hours."
"Police Department alert: account will be suspended. Please click the link to confirm details.","1","1","1","0","Police Department alert: account will be suspended. Please click the link to confirm details."
"Police Department alert: data leak detected. Please respond within 24 hours.","1","1","1","1","Police Department alert: data leak detected. Please respond within 24 hours."
"Company CEO alert: penalties will be applied. Please update your information now.","1","1","1","1","Company CEO alert: penalties will be applied. Please update your information now."
"Managing Director alert: device has been compromised. Please respond within 24 hours.","1","1","1","1","Managing Director alert: device has been compromised. Please respond within 24 hours."
"Bank Compliance Department alert: account will be suspended. Please respond within 24 hours.","1","1","1","1","Bank Compliance Department alert: account will be suspended. Please respond within 24 hours."
"Bank Compliance Department alert: penalties will be applied. Please verify your identity immediately.","1","1","1","1","Bank Compliance Department alert: penalties will be applied. Please verify your identity immediately."
"Company CEO alert: account will be suspended. Please complete verification to avoid consequences.","1","1","1","1","Company CEO alert: account will be suspended. Please complete verification to avoid consequences."
"Cyber Crime Cell alert: unauthorized access detected. Please update your information now.","1","1","1","1","Cyber Crime Cell alert: unauthorized access detected. Please update your information now."
"Microsoft Security Team alert: data leak detected. Please respond within 24 hours.","1","1","1","1","Microsoft Security Team alert: data leak detected. Please respond within 24 hours."
"Meta Business Security alert: data leak detected. Please verify your identity immediately.","1","1","1","1","Meta Business Security alert: data leak detected. Please verify your identity immediately."
"Managing Director alert: account will be suspended. Please click the link to confirm details.","1","1","1","1","Managing Director alert: account will be suspended. Please click the link to confirm details."
"Meta Business Security alert: legal action will be initiated. Please update your information now.","1","1","1","1","Meta Business Security alert: legal action will be initiated. Please update your information now."
"Meta Business Security alert: penalties will be applied. Please click the link to confirm details.","1","1","1","1","Meta Business Security alert: penalties will be applied. Please click the link to confirm details."
"Microsoft Security Team alert: account will be suspended. Please click the link to confirm details.","1","1","1","1","Microsoft Security Team alert: account will be suspended. Please click the link to confirm details."
"Company CEO alert: legal action will be initiated. Please click the link to confirm details.","1","1","1","1","Company CEO alert: legal action will be initiated. Please click the link to confirm details."
"Google Security Team alert: legal action will be initiated. Please click the link to confirm details.","1","1","1","1","Google Security Team alert: legal action will be initiated. Please click the link to confirm details."
"RBI alert: security breach identified. Please complete verification to avoid consequences.","1","1","1","1","RBI alert: security breach identified. Please complete verification to avoid consequences."
"Bank Compliance Department alert: data leak detected. Please click the link to confirm details.","1","1","1","1","Bank Compliance Department alert: data leak detected. Please click the link to confirm details."
"Google Security Team alert: legal action will be initiated. Please complete verification to avoid consequences.","1","1","1","1","Google Security Team alert: legal action will be initiated. Please complete verification to avoid consequences."
"RBI alert: account will be suspended. Please complete verification to avoid consequences.","1","1","1","1","RBI alert: account will be suspended. Please complete verification to avoid consequences."
"Cyber Crime Cell alert: penalties will be applied. Please verify your identity immediately.","1","1","1","1","Cyber Crime Cell alert: penalties will be applied. Please verify your identity immediately."
"Police Department alert: security breach identified. Please respond within 24 hours.","1","1","1","1","Police Department alert: security breach identified. Please respond within 24 hours."
"Google Security Team alert: security breach identified. Please click the link to confirm details.","1","1","1","1","Google Security Team alert: security breach identified. Please click the link to confirm details."
"Microsoft Security Team alert: financial loss may occur. Please complete verification to avoid consequences.","1","1","1","1","Microsoft Security Team alert: financial loss may occur. Please complete verification to avoid consequences."
"Court Authority alert: legal action will be initiated. Please respond within 24 hours.","1","1","1","1","Court Authority alert: legal action will be initiated. Please respond within 24 hours."
"Court Authority alert: financial loss may occur. Please verify your identity immediately.","1","1","1","1","Court Authority alert: financial loss may occur. Please verify your identity immediately."
"Meta Business Security alert: account will be suspended. Please update your information now.","1","1","1","1","Meta Business Security alert: account will be suspended. Please update your information now."
"Google Security Team alert: penalties will be applied. Please click the link to confirm details.","1","1","1","1","Google Security Team alert: penalties will be applied. Please click the link to confirm details."
"Google Security Team alert: data leak detected. Please respond within 24 hours.","1","1","1","1","Google Security Team alert: data leak detected. Please respond within 24 hours."
"Cyber Crime Cell alert: data leak detected. Please complete verification to avoid consequences.","1","1","1","1","Cyber Crime Cell alert: data leak detected. Please complete verification to avoid consequences."
"Company CEO alert: device has been compromised. Please complete verification to avoid consequences.","1","1","1","1","Company CEO alert: device has been compromised. Please complete verification to avoid consequences."
"Microsoft Security Team alert: financial loss may occur. Please click the link to confirm details.","1","1","1","1","Microsoft Security Team alert: financial loss may occur. Please click the link to confirm details."
"HR Department alert: account will be suspended. Please verify your identity immediately.","1","1","1","1","HR Department alert: account will be suspended. Please verify your identity immediately."
"Microsoft Security Team alert: unauthorized access detected. Please complete verification to avoid consequences.","1","1","1","1","Microsoft Security Team alert: unauthorized access detected. Please complete verification to avoid consequences."
"FBI alert: penalties will be applied. Please click the link to confirm details.","1","1","1","1","FBI alert: penalties will be applied. Please click the link to confirm details."
"Bank Compliance Department alert: financial loss may occur. Please complete verification to avoid consequences.","1","1","1","1","Bank Compliance Department alert: financial loss may occur. Please complete verification to avoid consequences."
"Meta Business Security alert: financial loss may occur. Please respond within 24 hours.","1","1","1","1","Meta Business Security alert: financial loss may occur. Please respond within 24 hours."
"Company CEO alert: unauthorized access detected. Please update your information now.","1","1","1","1","Company CEO alert: unauthorized access detected. Please update your information now."
"HR Department alert: data leak detected. Please respond within 24 hours.","1","1","1","1","HR Department alert: data leak detected. Please respond within 24 hours."
"Court Authority alert: penalties will be applied. Please respond within 24 hours.","1","1","1","1","Court Authority alert: penalties will be applied. Please respond within 24 hours."
"Managing Director alert: financial loss may occur. Please respond within 24 hours.","1","1","1","1","Managing Director alert: financial loss may occur. Please respond within 24 hours."
"Court Authority alert: legal action will be initiated. Please click the link to confirm details.","1","1","1","1","Court Authority alert: legal action will be initiated. Please click the link to confirm details."
"Meta Business Security alert: unauthorized access detected. Please verify your identity immediately.","1","1","1","1","Meta Business Security alert: unauthorized access detected. Please verify your identity immediately."
"Income Tax Department alert: unauthorized access detected. Please update your information now.","1","1","1","1","Income Tax Department alert: unauthorized access detected. Please update your information now."
"Google Security Team alert: financial loss may occur. Please respond within 24 hours.","1","1","1","1","Google Security Team alert: financial loss may occur. Please respond within 24 hours."
"Police Department alert: unauthorized access detected. Please respond within 24 hours.","1","1","1","1","Police Department alert: unauthorized access detected. Please respond within 24 hours."
"Police Department alert: account will be suspended. Please complete verification to avoid consequences.","1","1","1","1","Police Department alert: account will be suspended. Please complete verification to avoid consequences."
"Microsoft Security Team alert: penalties will be applied. Please complete verification to avoid consequences.","1","1","1","1","Microsoft Security Team alert: penalties will be applied. Please complete verification to avoid consequences."
"FBI alert: financial loss may occur. Please verify your identity immediately.","1","1","1","1","FBI alert: financial loss may occur. Please verify your identity immediately."
"FBI alert: data leak detected. Please click the link to confirm details.","1","1","1","1","FBI alert: data leak detected. Please click the link to confirm details."
"Managing Director alert: device has been compromised. Please click the link to confirm details.","1","1","1","1","Managing Director alert: device has been compromised. Please click the link to confirm details."
"Meta Business Security alert: account will be suspended. Please respond within 24 hours.","1","1","1","1","Meta Business Security alert: account will be suspended. Please respond within 24 hours."
"HR Department alert: account will be suspended. Please update your information now.","1","1","1","1","HR Department alert: account will be suspended. Please update your information now."
"Bank Compliance Department alert: financial loss may occur. Please respond within 24 hours.","1","1","1","1","Bank Compliance Department alert: financial loss may occur. Please respond within 24 hours."
"HR Department alert: account will be suspended. Please respond within 24 hours.","1","1","1","1","HR Department alert: account will be suspended. Please respond within 24 hours."
"Police Department alert: security breach identified. Please click the link to confirm details.","1","1","1","1","Police Department alert: security breach identified. Please click the link to confirm details."
"Cyber Crime Cell alert: financial loss may occur. Please verify your identity immediately.","1","1","1","1","Cyber Crime Cell alert: financial loss may occur. Please verify your identity immediately."
"Apple Support alert: device has been compromised. Please update your information now.","1","1","1","1","Apple Support alert: device has been compromised. Please update your information now."
"Company CEO alert: financial loss may occur. Please complete verification to avoid consequences.","1","1","1","1","Company CEO alert: financial loss may occur. Please complete verification to avoid consequences."
"FBI alert: penalties will be applied. Please update your information now.","1","1","1","1","FBI alert: penalties will be applied. Please update your information now."
"HR Department alert: penalties will be applied. Please verify your identity immediately.","1","1","1","1","HR Department alert: penalties will be applied. Please verify your identity immediately."
"Microsoft Security Team alert: financial loss may occur. Please update your information now.","1","1","1","1","Microsoft Security Team alert: financial loss may occur. Please update your information now."
"Cyber Crime Cell alert: security breach identified. Please verify your identity immediately.","1","1","1","1","Cyber Crime Cell alert: security breach identified. Please verify your identity immediately."
"Cyber Crime Cell alert: financial loss may occur. Please click the link to confirm details.","1","1","1","1","Cyber Crime Cell alert: financial loss may occur. Please click the link to confirm details."
"Court Authority alert: data leak detected. Please verify your identity immediately.","1","1","1","1","Court Authority alert: data leak detected. Please verify your identity immediately."
"HR Department alert: financial loss may occur. Please verify your identity immediately.","1","1","1","1","HR Department alert: financial loss may occur. Please verify your identity immediately."
"Microsoft Security Team alert: legal action will be initiated. Please verify your identity immediately.","1","1","1","1","Microsoft Security Team alert: legal action will be initiated. Please verify your identity immediately."
"Police Department alert: security breach identified. Please update your information now.","1","1","1","1","Police Department alert: security breach identified. Please update your information now."
"RBI alert: data leak detected. Please complete verification to avoid consequences.","1","1","1","1","RBI alert: data leak detected. Please complete verification to avoid consequences."
"Income Tax Department alert: financial loss may occur. Please verify your identity immediately.","1","1","1","1","Income Tax Department alert: financial loss may occur. Please verify your identity immediately."
"RBI alert: device has been compromised. Please respond within 24 hours.","1","1","1","1","RBI alert: device has been compromised. Please respond within 24 hours."
"Apple Support alert: security breach identified. Please update your information now.","1","1","1","1","Apple Support alert: security breach identified. Please update your information now."
"Cyber Crime Cell alert: account will be suspended. Please verify your identity immediately.","1","1","1","1","Cyber Crime Cell alert: account will be suspended. Please verify your identity immediately."
"Income Tax Department alert: legal action will be initiated. Please verify your identity immediately.","1","1","1","1","Income Tax Department alert: legal action will be initiated. Please verify your identity immediately."
"HR Department alert: financial loss may occur. Please respond within 24 hours.","1","1","1","1","HR Department alert: financial loss may occur. Please respond within 24 hours."
"RBI alert: legal action will be initiated. Please update your information now.","1","1","1","1","RBI alert: legal action will be initiated. Please update your information now."
"Apple Support alert: legal action will be initiated. Please complete verification to avoid consequences.","1","1","1","1","Apple Support alert: legal action will be initiated. Please complete verification to avoid consequences."
"Bank Compliance Department alert: unauthorized access detected. Please update your information now.","1","1","1","1","Bank Compliance Department alert: unauthorized access detected. Please update your information now."
"RBI alert: unauthorized access detected. Please verify your identity immediately.","1","1","1","1","RBI alert: unauthorized access detected. Please verify your identity immediately."
"RBI alert: data leak detected. Please respond within 24 hours.","1","1","1","1","RBI alert: data leak detected. Please respond within 24 hours."
"Court Authority alert: financial loss may occur. Please respond within 24 hours.","1","1","1","1","Court Authority alert: financial loss may occur. Please respond within 24 hours."
"Income Tax Department alert: data leak detected. Please complete verification to avoid consequences.","1","1","1","1","Income Tax Department alert: data leak detected. Please complete verification to avoid consequences."
"Google Security Team alert: account will be suspended. Please verify your identity immediately.","1","1","1","1","Google Security Team alert: account will be suspended. Please verify your identity immediately."
"HR Department alert: legal action will be initiated. Please verify your identity immediately.","1","1","1","1","HR Department alert: legal action will be initiated. Please verify your identity immediately."
"RBI alert: legal action will be initiated. Please click the link to confirm details.","1","1","1","1","RBI alert: legal action will be initiated. Please click the link to confirm details."
"RBI alert: security breach identified. Please update your information now.","1","1","1","1","RBI alert: security breach identified. Please update your information now."
"Cyber Crime Cell alert: penalties will be applied. Please respond within 24 hours.","1","1","1","1","Cyber Crime Cell alert: penalties will be applied. Please respond within 24 hours."
"Court Authority alert: unauthorized access detected. Please respond within 24 hours.","1","1","1","1","Court Authority alert: unauthorized access detected. Please respond within 24 hours."
"Income Tax Department alert: penalties will be applied. Please respond within 24 hours.","1","1","1","1","Income Tax Department alert: penalties will be applied. Please respond within 24 hours."
"Microsoft Security Team alert: account will be suspended. Please complete verification to avoid consequences.","1","1","1","1","Microsoft Security Team alert: account will be suspended. Please complete verification to avoid consequences."
"Bank Compliance Department alert: legal action will be initiated. Please click the link to confirm details.","1","1","1","1","Bank Compliance Department alert: legal action will be initiated. Please click the link to confirm details."
"HR Department alert: security breach identified. Please respond within 24 hours.","1","1","1","1","HR Department alert: security breach identified. Please respond within 24 hours."
"FBI alert: financial loss may occur. Please complete verification to avoid consequences.","1","1","1","1","FBI alert: financial loss may occur. Please complete verification to avoid consequences."
"Company CEO alert: financial loss may occur. Please click the link to confirm details.","1","1","1","1","Company CEO alert: financial loss may occur. Please click the link to confirm details."
"Meta Business Security alert: penalties will be applied. Please complete verification to avoid consequences.","1","1","1","1","Meta Business Security alert: penalties will be applied. Please complete verification to avoid consequences."
"Court Authority alert: penalties will be applied. Please verify your identity immediately.","1","1","1","1","Court Authority alert: penalties will be applied. Please verify your identity immediately."
"HR Department alert: unauthorized access detected. Please complete verification to avoid consequences.","1","1","1","1","HR Department alert: unauthorized access detected. Please complete verification to avoid consequences."
"Police Department alert: financial loss may occur. Please verify your identity immediately.","1","1","1","1","Police Department alert: financial loss may occur. Please verify your identity immediately."
"Apple Support alert: unauthorized access detected. Please update your information now.","1","1","1","1","Apple Support alert: unauthorized access detected. Please update your information now."
"Court Authority alert: financial loss may occur. Please complete verification to avoid consequences.","1","1","1","1","Court Authority alert: financial loss may occur. Please complete verification to avoid consequences."
"Income Tax Department alert: unauthorized access detected. Please click the link to confirm details.","1","1","1","1","Income Tax Department alert: unauthorized access detected. Please click the link to confirm details."
"HR Department alert: legal action will be initiated. Please update your information now.","1","1","1","1","HR Department alert: legal action will be initiated. Please update your information now."
"HR Department alert: financial loss may occur. Please complete verification to avoid consequences.","1","1","1","1","HR Department alert: financial loss may occur. Please complete verification to avoid consequences."
"Bank Compliance Department alert: data leak detected. Please respond within 24 hours.","1","1","1","1","Bank Compliance Department alert: data leak detected. Please respond within 24 hours."
"Income Tax Department alert: device has been compromised. Please verify your identity immediately.","1","1","1","1","Income Tax Department alert: device has been compromised. Please verify your identity immediately."
"Managing Director alert: unauthorized access detected. Please update your information now.","1","1","1","1","Managing Director alert: unauthorized access detected. Please update your information now."
"RBI alert: penalties will be applied. Please complete verification to avoid consequences.","1","1","1","1","RBI alert: penalties will be applied. Please complete verification to avoid consequences."
"Google Security Team alert: legal action will be initiated. Please update your information now.","1","1","1","1","Google Security Team alert: legal action will be initiated. Please update your information now."
"Managing Director alert: penalties will be applied. Please complete verification to avoid consequences.","1","1","1","1","Managing Director alert: penalties will be applied. Please complete verification to avoid consequences."
"Company CEO alert: financial loss may occur. Please respond within 24 hours.","1","1","1","1","Company CEO alert: financial loss may occur. Please respond within 24 hours."
"Managing Director alert: legal action will be initiated. Please complete verification to avoid consequences.","1","1","1","1","Managing Director alert: legal action will be initiated. Please complete verification to avoid consequences."
"Cyber Crime Cell alert: financial loss may occur. Please update your information now.","1","1","1","1","Cyber Crime Cell alert: financial loss may occur. Please update your information now."
"Google Security Team alert: account will be suspended. Please complete verification to avoid consequences.","1","1","1","1","Google Security Team alert: account will be suspended. Please complete verification to avoid consequences."
"Google Security Team alert: account will be suspended. Please click the link to confirm details.","1","1","1","1","Google Security Team alert: account will be suspended. Please click the link to confirm details."
"Apple Support alert: financial loss may occur. Please click the link to confirm details.","1","1","1","1","Apple Support alert: financial loss may occur. Please click the link to confirm details."
"Cyber Crime Cell alert: account will be suspended. Please complete verification to avoid consequences.","1","1","1","1","Cyber Crime Cell alert: account will be suspended. Please complete verification to avoid consequences."
"Police Department alert: unauthorized access detected. Please click the link to confirm details.","1","1","1","1","Police Department alert: unauthorized access detected. Please click the link to confirm details."
"Apple Support alert: account will be suspended. Please click the link to confirm details.","1","1","1","1","Apple Support alert: account will be suspended. Please click the link to confirm details."
"Managing Director alert: data leak detected. Please respond within 24 hours.","1","1","1","1","Managing Director alert: data leak detected. Please respond within 24 hours."
"Managing Director alert: security breach identified. Please update your information now.","1","1","1","1","Managing Director alert: security breach identified. Please update your information now."
"Court Authority alert: security breach identified. Please click the link to confirm details.","1","1","1","1","Court Authority alert: security breach identified. Please click the link to confirm details."
"FBI alert: unauthorized access detected. Please click the link to confirm details.","1","1","1","1","FBI alert: unauthorized access detected. Please click the link to confirm details."
"Income Tax Department alert: financial loss may occur. Please click the link to confirm details.","1","1","1","1","Income Tax Department alert: financial loss may occur. Please click the link to confirm details."
"Court Authority alert: data leak detected. Please respond within 24 hours.","1","1","1","1","Court Authority alert: data leak detected. Please respond within 24 hours."
"Police Department alert: legal action will be initiated. Please complete verification to avoid consequences.","1","1","1","1","Police Department alert: legal action will be initiated. Please complete verification to avoid consequences."
"Google Security Team alert: unauthorized access detected. Please respond within 24 hours.","1","1","1","1","Google Security Team alert: unauthorized access detected. Please respond within 24 hours."
"Bank Compliance Department alert: unauthorized access detected. Please complete verification to avoid consequences.","1","1","1","1","Bank Compliance Department alert: unauthorized access detected. Please complete verification to avoid consequences."
"Bank Compliance Department alert: security breach identified. Please complete verification to avoid consequences.","1","1","1","1","Bank Compliance Department alert: security breach identified. Please complete verification to avoid consequences."
"Cyber Crime Cell alert: account will be suspended. Please update your information now.","1","1","1","1","Cyber Crime Cell alert: account will be suspended. Please update your information now."
"RBI alert: financial loss may occur. Please respond within 24 hours.","1","1","1","1","RBI alert: financial loss may occur. Please respond within 24 hours."
"Police Department alert: security breach identified. Please complete verification to avoid consequences.","1","1","1","1","Police Department alert: security breach identified. Please complete verification to avoid consequences."
"RBI alert: penalties will be applied. Please update your information now.","1","1","1","1","RBI alert: penalties will be applied. Please update your information now."
"Income Tax Department alert: device has been compromised. Please respond within 24 hours.","1","1","1","1","Income Tax Department alert: device has been compromised. Please respond within 24 hours."
"HR Department alert: device has been compromised. Please click the link to confirm details.","1","1","1","1","HR Department alert: device has been compromised. Please click the link to confirm details."
"Court Authority alert: data leak detected. Please click the link to confirm details.","1","1","1","1","Court Authority alert: data leak detected. Please click the link to confirm details."
"HR Department alert: financial loss may occur. Please update your information now.","1","1","1","1","HR Department alert: financial loss may occur. Please update your information now."
"RBI alert: penalties will be applied. Please respond within 24 hours.","1","1","1","1","RBI alert: penalties will be applied. Please respond within 24 hours."
"Microsoft Security Team alert: device has been compromised. Please verify your identity immediately.","1","1","1","1","Microsoft Security Team alert: device has been compromised. Please verify your identity immediately."
"Court Authority alert: financial loss may occur. Please click the link to confirm details.","1","1","1","1","Court Authority alert: financial loss may occur. Please click the link to confirm details."
"Bank Compliance Department alert: account will be suspended. Please verify your identity immediately.","1","1","1","1","Bank Compliance Department alert: account will be suspended. Please verify your identity immediately."
"Managing Director alert: data leak detected. Please verify your identity immediately.","1","1","1","1","Managing Director alert: data leak detected. Please verify your identity immediately."
"Police Department alert: penalties will be applied. Please update your information now.","1","1","1","1","Police Department alert: penalties will be applied. Please update your information now."
"Microsoft Security Team alert: legal action will be initiated. Please complete verification to avoid consequences.","1","1","1","1","Microsoft Security Team alert: legal action will be initiated. Please complete verification to avoid consequences."
"Microsoft Security Team alert: unauthorized access detected. Please respond within 24 hours.","1","1","1","1","Microsoft Security Team alert: unauthorized access detected. Please respond within 24 hours."
"Managing Director alert: data leak detected. Please update your information now.","1","1","1","1","Managing Director alert: data leak detected. Please update your information now."
"Police Department alert: security breach identified. Please verify your identity immediately.","1","1","1","1","Police Department alert: security breach identified. Please verify your identity immediately."
"Court Authority alert: device has been compromised. Please click the link to confirm details.","1","1","1","1","Court Authority alert: device has been compromised. Please click the link to confirm details."
"Income Tax Department alert: legal action will be initiated. Please update your information now.","1","1","1","1","Income Tax Department alert: legal action will be initiated. Please update your information now."
"Google Security Team alert: data leak detected. Please verify your identity immediately.","1","1","1","1","Google Security Team alert: data leak detected. Please verify your identity immediately."
"FBI alert: financial loss may occur. Please respond within 24 hours.","1","1","1","1","FBI alert: financial loss may occur. Please respond within 24 hours."
"Income Tax Department alert: unauthorized access detected. Please respond within 24 hours.","1","1","1","1","Income Tax Department alert: unauthorized access detected. Please respond within 24 hours."
"Income Tax Department alert: legal action will be initiated. Please click the link to confirm details.","1","1","1","1","Income Tax Department alert: legal action will be initiated. Please click the link to confirm details."
"Google Security Team alert: financial loss may occur. Please click the link to confirm details.","1","1","1","1","Google Security Team alert: financial loss may occur. Please click the link to confirm details."
"Google Security Team alert: penalties will be applied. Please respond within 24 hours.","1","1","1","1","Google Security Team alert: penalties will be applied. Please respond within 24 hours."
"HR Department alert: legal action will be initiated. Please click the link to confirm details.","1","1","1","1","HR Department alert: legal action will be initiated. Please click the link to confirm details."
"Google Security Team alert: data leak detected. Please complete verification to avoid consequences.","1","1","1","1","Google Security Team alert: data leak detected. Please complete verification to avoid consequences."
"HR Department alert: unauthorized access detected. Please verify your identity immediately.","1","1","1","1","HR Department alert: unauthorized access detected. Please verify your identity immediately."
"Income Tax Department alert: account will be suspended. Please click the link to confirm details.","1","1","1","1","Income Tax Department alert: account will be suspended. Please click the link to confirm details."
"Google Security Team alert: security breach identified. Please respond within 24 hours.","1","1","1","1","Google Security Team alert: security breach identified. Please respond within 24 hours."
"Meta Business Security alert: data leak detected. Please respond within 24 hours.","1","1","1","1","Meta Business Security alert: data leak detected. Please respond within 24 hours."
"Bank Compliance Department alert: penalties will be applied. Please complete verification to avoid consequences.","1","1","1","1","Bank Compliance Department alert: penalties will be applied. Please complete verification to avoid consequences."
"Company CEO alert: device has been compromised. Please respond within 24 hours.","1","1","1","1","Company CEO alert: device has been compromised. Please respond within 24 hours."
"Police Department alert: financial loss may occur. Please click the link to confirm details.","1","1","1","1","Police Department alert: financial loss may occur. Please click the link to confirm details."
"Bank Compliance Department alert: security breach identified. Please verify your identity immediately.","1","1","1","1","Bank Compliance Department alert: security breach identified. Please verify your identity immediately."
"Company CEO alert: penalties will be applied. Please verify your identity immediately.","1","1","1","1","Company CEO alert: penalties will be applied. Please verify your identity immediately."
"Court Authority alert: unauthorized access detected. Please complete verification to avoid consequences.","1","1","1","1","Court Authority alert: unauthorized access detected. Please complete verification to avoid consequences."
"HR Department alert: account will be suspended. Please click the link to confirm details.","1","1","1","1","HR Department alert: account will be suspended. Please click the link to confirm details."
"Court Authority alert: legal action will be initiated. Please update your information now.","1","1","1","1","Court Authority alert: legal action will be initiated. Please update your information now."
"Managing Director alert: legal action will be initiated. Please click the link to confirm details.","1","1","1","1","Managing Director alert: legal action will be initiated. Please click the link to confirm details."
"Meta Business Security alert: financial loss may occur. Please update your information now.","1","1","1","1","Meta Business Security alert: financial loss may occur. Please update your information now."
"Cyber Crime Cell alert: legal action will be initiated. Please complete verification to avoid consequences.","1","1","1","1","Cyber Crime Cell alert: legal action will be initiated. Please complete verification to avoid consequences."
"Microsoft Security Team alert: data leak detected. Please verify your identity immediately.","1","1","1","1","Microsoft Security Team alert: data leak detected. Please verify your identity immediately."
"Court Authority alert: account will be suspended. Please respond within 24 hours.","1","1","1","1","Court Authority alert: account will be suspended. Please respond within 24 hours."
"Bank Compliance Department alert: legal action will be initiated. Please update your information now.","1","1","1","1","Bank Compliance Department alert: legal action will be initiated. Please update your information now."
"Cyber Crime Cell alert: legal action will be initiated. Please verify your identity immediately.","1","1","1","1","Cyber Crime Cell alert: legal action will be initiated. Please verify your identity immediately."
"HR Department alert: unauthorized access detected. Please respond within 24 hours.","1","1","1","1","HR Department alert: unauthorized access detected. Please respond within 24 hours."
"Managing Director alert: device has been compromised. Please complete verification to avoid consequences.","1","1","1","1","Managing Director alert: device has been compromised. Please complete verification to avoid consequences."
"HR Department alert: legal action will be initiated. Please complete verification to avoid consequences.","1","1","1","1","HR Department alert: legal action will be initiated. Please complete verification to avoid consequences."
"Managing Director alert: data leak detected. Please complete verification to avoid consequences.","1","1","1","1","Managing Director alert: data leak detected. Please complete verification to avoid consequences."
"Bank Compliance Department alert: unauthorized access detected. Please verify your identity immediately.","1","1","1","1","Bank Compliance Department alert: unauthorized access detected. Please verify your identity immediately."
"Microsoft Security Team alert: security breach identified. Please verify your identity immediately.","1","1","1","1","Microsoft Security Team alert: security breach identified. Please verify your identity immediately."
"Microsoft Security Team alert: security breach identified. Please update your information now.","1","1","1","1","Microsoft Security Team alert: security breach identified. Please update your information now."
"Company CEO alert: account will be suspended. Please update your information now.","1","1","1","1","Company CEO alert: account will be suspended. Please update your information now."
"Income Tax Department alert: account will be suspended. Please update your information now.","1","1","1","1","Income Tax Department alert: account will be suspended. Please update your information now."
"Income Tax Department alert: penalties will be applied. Please click the link to confirm details.","1","1","1","1","Income Tax Department alert: penalties will be applied. Please click the link to confirm details."
"Google Security Team alert: data leak detected. Please click the link to confirm details.","1","1","1","1","Google Security Team alert: data leak detected. Please click the link to confirm details."
"HR Department alert: security breach identified. Please verify your identity immediately.","1","1","1","1","HR Department alert: security breach identified. Please verify your identity immediately."
"Court Authority alert: unauthorized access detected. Please click the link to confirm details.","1","1","1","1","Court Authority alert: unauthorized access detected. Please click the link to confirm details."
"Managing Director alert: financial loss may occur. Please update your information now.","1","1","1","1","Managing Director alert: financial loss may occur. Please update your information now."
"Cyber Crime Cell alert: security breach identified. Please respond within 24 hours.","1","1","1","1","Cyber Crime Cell alert: security breach identified. Please respond within 24 hours."
"Managing Director alert: data leak detected. Please click the link to confirm details.","1","1","1","1","Managing Director alert: data leak detected. Please click the link to confirm details."
"Microsoft Security Team alert: legal action will be initiated. Please respond within 24 hours.","1","1","1","1","Microsoft Security Team alert: legal action will be initiated. Please respond within 24 hours."
"Google Security Team alert: security breach identified. Please complete verification to avoid consequences.","1","1","1","1","Google Security Team alert: security breach identified. Please complete verification to avoid consequences."
"FBI alert: device has been compromised. Please update your information now.","1","1","1","1","FBI alert: device has been compromised. Please update your information now."
"HR Department alert: data leak detected. Please click the link to confirm details.","1","1","1","1","HR Department alert: data leak detected. Please click the link to confirm details."
"Company CEO alert: unauthorized access detected. Please verify your identity immediately.","1","1","1","1","Company CEO alert: unauthorized access detected. Please verify your identity immediately."
"FBI alert: unauthorized access detected. Please respond within 24 hours.","1","1","1","1","FBI alert: unauthorized access detected. Please respond within 24 hours."
"HR Department alert: data leak detected. Please update your information now.","1","1","1","1","HR Department alert: data leak detected. Please update your information now."
"Managing Director alert: security breach identified. Please click the link to confirm details.","1","1","1","1","Managing Director alert: security breach identified. Please click the link to confirm details."
"Court Authority alert: penalties will be applied. Please update your information now.","1","1","1","1","Court Authority alert: penalties will be applied. Please update your information now."
"Company CEO alert: device has been compromised. Please verify your identity immediately.","1","1","1","1","Company CEO alert: device has been compromised. Please verify your identity immediately."
"Microsoft Security Team alert: unauthorized access detected. Please update your information now.","1","1","1","1","Microsoft Security Team alert: unauthorized access detected. Please update your information now."
"Google Security Team alert: financial loss may occur. Please update your information now.","1","1","1","1","Google Security Team alert: financial loss may occur. Please update your information now."
"Cyber Crime Cell alert: penalties will be applied. Please complete verification to avoid consequences.","1","1","1","1","Cyber Crime Cell alert: penalties will be applied. Please complete verification to avoid consequences."
"Police Department alert: financial loss may occur. Please complete verification to avoid consequences.","1","1","1","1","Police Department alert: financial loss may occur. Please complete verification to avoid consequences."
"Cyber Crime Cell alert: device has been compromised. Please click the link to confirm details.","1","1","1","1","Cyber Crime Cell alert: device has been compromised. Please click the link to confirm details."
"Meta Business Security alert: financial loss may occur. Please verify your identity immediately.","1","1","1","1","Meta Business Security alert: financial loss may occur. Please verify your identity immediately."
"Apple Support alert: unauthorized access detected. Please click the link to confirm details.","1","1","1","1","Apple Support alert: unauthorized access detected. Please click the link to confirm details."
"RBI alert: device has been compromised. Please verify your identity immediately.","1","1","1","1","RBI alert: device has been compromised. Please verify your identity immediately."
"RBI alert: security breach identified. Please respond within 24 hours.","1","1","1","1","RBI alert: security breach identified. Please respond within 24 hours."
"Meta Business Security alert: unauthorized access detected. Please update your information now.","1","1","1","1","Meta Business Security alert: unauthorized access detected. Please update your information now."
"Managing Director alert: unauthorized access detected. Please respond within 24 hours.","1","1","1","1","Managing Director alert: unauthorized access detected. Please respond within 24 hours."
"Company CEO alert: unauthorized access detected. Please click the link to confirm details.","1","1","1","1","Company CEO alert: unauthorized access detected. Please click the link to confirm details."
"Microsoft Security Team alert: device has been compromised. Please click the link to confirm details.","1","1","1","1","Microsoft Security Team alert: device has been compromised. Please click the link to confirm details."
"FBI alert: account will be suspended. Please click the link to confirm details.","1","1","1","1","FBI alert: account will be suspended. Please click the link to confirm details."
"Apple Support alert: security breach identified. Please complete verification to avoid consequences.","1","1","1","1","Apple Support alert: security breach identified. Please complete verification to avoid consequences."
"Meta Business Security alert: unauthorized access detected. Please respond within 24 hours.","1","1","1","1","Meta Business Security alert: unauthorized access detected. Please respond within 24 hours."
"Microsoft Security Team alert: legal action will be initiated. Please update your information now.","1","1","1","1","Microsoft Security Team alert: legal action will be initiated. Please update your information now."
"Company CEO alert: security breach identified. Please respond within 24 hours.","1","1","1","1","Company CEO alert: security breach identified. Please respond within 24 hours."
"Meta Business Security alert: penalties will be applied. Please verify your identity immediately.","1","1","1","1","Meta Business Security alert: penalties will be applied. Please verify your identity immediately."
"Cyber Crime Cell alert: unauthorized access detected. Please click the link to confirm details.","1","1","1","1","Cyber Crime Cell alert: unauthorized access detected. Please click the link to confirm details."
"Bank Compliance Department alert: financial loss may occur. Please verify your identity immediately.","1","1","1","1","Bank Compliance Department alert: financial loss may occur. Please verify your identity immediately."
"Police Department alert: device has been compromised. Please complete verification to avoid consequences.","1","1","1","1","Police Department alert: device has been compromised. Please complete verification to avoid consequences."
"HR Department alert: device has been compromised. Please update your information now.","1","1","1","1","HR Department alert: device has been compromised. Please update your information now."
"HR Department alert: device has been compromised. Please complete verification to avoid consequences.","1","1","1","1","HR Department alert: device has been compromised. Please complete verification to avoid consequences."
"FBI alert: security breach identified. Please complete verification to avoid consequences.","1","1","1","1","FBI alert: security breach identified. Please complete verification to avoid consequences."
"Managing Director alert: security breach identified. Please respond within 24 hours.","1","1","1","1","Managing Director alert: security breach identified. Please respond within 24 hours."
"Google Security Team alert: financial loss may occur. Please verify your identity immediately.","1","1","1","1","Google Security Team alert: financial loss may occur. Please verify your identity immediately."
"FBI alert: data leak detected. Please complete verification to avoid consequences.","1","1","1","1","FBI alert: data leak detected. Please complete verification to avoid consequences."
"Bank Compliance Department alert: financial loss may occur. Please click the link to confirm details.","1","1","1","1","Bank Compliance Department alert: financial loss may occur. Please click the link to confirm details."
"Microsoft Security Team alert: penalties will be applied. Please respond within 24 hours.","1","1","1","1","Microsoft Security Team alert: penalties will be applied. Please respond within 24 hours."
"Company CEO alert: data leak detected. Please update your information now.","1","1","1","1","Company CEO alert: data leak detected. Please update your information now."
"Meta Business Security alert: data leak detected. Please complete verification to avoid consequences.","1","1","1","1","Meta Business Security alert: data leak detected. Please complete verification to avoid consequences."
"RBI alert: data leak detected. Please click the link to confirm details.","1","1","1","1","RBI alert: data leak detected. Please click the link to confirm details."
"Meta Business Security alert: legal action will be initiated. Please verify your identity immediately.","1","1","1","1","Meta Business Security alert: legal action will be initiated. Please verify your identity immediately."
"Apple Support alert: account will be suspended. Please complete verification to avoid consequences.","1","1","1","1","Apple Support alert: account will be suspended. Please complete verification to avoid consequences."
"Apple Support alert: security breach identified. Please click the link to confirm details.","1","1","1","1","Apple Support alert: security breach identified. Please click the link to confirm details."
"Google Security Team alert: data leak detected. Please update your information now.","1","1","1","1","Google Security Team alert: data leak detected. Please update your information now."
"Microsoft Security Team alert: device has been compromised. Please update your information now.","1","1","1","1","Microsoft Security Team alert: device has been compromised. Please update your information now."
"Microsoft Security Team alert: penalties will be applied. Please verify your identity immediately.","1","1","1","1","Microsoft Security Team alert: penalties will be applied. Please verify your identity immediately."
"Managing Director alert: financial loss may occur. Please verify your identity immediately.","1","1","1","1","Managing Director alert: financial loss may occur. Please verify your identity immediately."
"Apple Support alert: unauthorized access detected. Please respond within 24 hours.","1","1","1","1","Apple Support alert: unauthorized access detected. Please respond within 24 hours."
"Microsoft Security Team alert: device has been compromised. Please complete verification to avoid consequences.","1","1","1","1","Microsoft Security Team alert: device has been compromised. Please complete verification to avoid consequences."
"Managing Director alert: account will be suspended. Please respond within 24 hours.","1","1","1","1","Managing Director alert: account will be suspended. Please respond within 24 hours."
"Cyber Crime Cell alert: financial loss may occur. Please complete verification to avoid consequences.","1","1","1","1","Cyber Crime Cell alert: financial loss may occur. Please complete verification to avoid consequences."
"Managing Director alert: security breach identified. Please complete verification to avoid consequences.","1","1","1","1","Managing Director alert: security breach identified. Please complete verification to avoid consequences."
"Bank Compliance Department alert: account will be suspended. Please complete verification to avoid consequences.","1","1","1","1","Bank Compliance Department alert: account will be suspended. Please complete verification to avoid consequences."
"Court Authority alert: device has been compromised. Please respond within 24 hours.","1","1","1","1","Court Authority alert: device has been compromised. Please respond within 24 hours."
"Microsoft Security Team alert: data leak detected. Please click the link to confirm details.","1","1","1","1","Microsoft Security Team alert: data leak detected. Please click the link to confirm details."
"Google Security Team alert: unauthorized access detected. Please verify your identity immediately.","1","1","1","1","Google Security Team alert: unauthorized access detected. Please verify your identity immediately."
"Court Authority alert: device has been compromised. Please complete verification to avoid consequences.","1","1","1","1","Court Authority alert: device has been compromised. Please complete verification to avoid consequences."
"Court Authority alert: security breach identified. Please complete verification to avoid consequences.","1","1","1","1","Court Authority alert: security breach identified. Please complete verification to avoid consequences."
"Bank Compliance Department alert: security breach identified. Please click the link to confirm details.","1","1","1","1","Bank Compliance Department alert: security breach identified. Please click the link to confirm details."
"Meta Business Security alert: account will be suspended. Please click the link to confirm details.","1","1","1","1","Meta Business Security alert: account will be suspended. Please click the link to confirm details."
"Police Department alert: unauthorized access detected. Please complete verification to avoid consequences.","1","1","1","1","Police Department alert: unauthorized access detected. Please complete verification to avoid consequences."
"Cyber Crime Cell alert: device has been compromised. Please respond within 24 hours.","1","1","1","1","Cyber Crime Cell alert: device has been compromised. Please respond within 24 hours."
"Bank Compliance Department alert: device has been compromised. Please update your information now.","1","1","1","1","Bank Compliance Department alert: device has been compromised. Please update your information now."
"Microsoft Security Team alert: security breach identified. Please complete verification to avoid consequences.","1","1","1","1","Microsoft Security Team alert: security breach identified. Please complete verification to avoid consequences."
"Microsoft Security Team alert: device has been compromised. Please respond within 24 hours.","1","1","1","1","Microsoft Security Team alert: device has been compromised. Please respond within 24 hours."
"Bank Compliance Department alert: penalties will be applied. Please click the link to confirm details.","1","1","1","1","Bank Compliance Department alert: penalties will be applied. Please click the link to confirm details."
"RBI alert: unauthorized access detected. Please respond within 24 hours.","1","1","1","1","RBI alert: unauthorized access detected. Please respond within 24 hours."
"Google Security Team alert: unauthorized access detected. Please update your information now.","1","1","1","1","Google Security Team alert: unauthorized access detected. Please update your information now."
"Bank Compliance Department alert: device has been compromised. Please click the link to confirm details.","1","1","1","1","Bank Compliance Department alert: device has been compromised. Please click the link to confirm details."
"Court Authority alert: security breach identified. Please respond within 24 hours.","1","1","1","1","Court Authority alert: security breach identified. Please respond within 24 hours."
"Company CEO alert: account will be suspended. Please respond within 24 hours.","1","1","1","1","Company CEO alert: account will be suspended. Please respond within 24 hours."
"Cyber Crime Cell alert: account will be suspended. Please click the link to confirm details.","1","1","1","1","Cyber Crime Cell alert: account will be suspended. Please click the link to confirm details."
"FBI alert: security breach identified. Please verify your identity immediately.","1","1","1","1","FBI alert: security breach identified. Please verify your identity immediately."
"FBI alert: financial loss may occur. Please update your information now.","1","1","1","1","FBI alert: financial loss may occur. Please update your information now."
"Bank Compliance Department alert: device has been compromised. Please respond within 24 hours.","1","1","1","1","Bank Compliance Department alert: device has been compromised. Please respond within 24 hours."
"Google Security Team alert: security breach identified. Please update your information now.","1","1","1","1","Google Security Team alert: security breach identified. Please update your information now."
"Court Authority alert: legal action will be initiated. Please verify your identity immediately.","1","1","1","1","Court Authority alert: legal action will be initiated. Please verify your identity immediately."
"Apple Support alert: data leak detected. Please verify your identity immediately.","1","1","1","1","Apple Support alert: data leak detected. Please verify your identity immediately."
"FBI alert: legal action will be initiated. Please verify your identity immediately.","1","1","1","1","FBI alert: legal action will be initiated. Please verify your identity immediately."
"Microsoft Security Team alert: account will be suspended. Please verify your identity immediately.","1","1","1","1","Microsoft Security Team alert: account will be suspended. Please verify your identity immediately."
"Apple Support alert: security breach identified. Please verify your identity immediately.","1","1","1","1","Apple Support alert: security breach identified. Please verify your identity immediately."
"Bank Compliance Department alert: penalties will be applied. Please respond within 24 hours.","1","1","1","1","Bank Compliance Department alert: penalties will be applied. Please respond within 24 hours."
"Microsoft Security Team alert: penalties will be applied. Please click the link to confirm details.","1","1","1","1","Microsoft Security Team alert: penalties will be applied. Please click the link to confirm details."
"FBI alert: unauthorized access detected. Please verify your identity immediately.","1","1","1","1","FBI alert: unauthorized access detected. Please verify your identity immediately."
"Cyber Crime Cell alert: device has been compromised. Please update your information now.","1","1","1","1","Cyber Crime Cell alert: device has been compromised. Please update your information now."
"FBI alert: legal action will be initiated. Please respond within 24 hours.","1","1","1","1","FBI alert: legal action will be initiated. Please respond within 24 hours."
"Income Tax Department alert: unauthorized access detected. Please complete verification to avoid consequences.","1","1","1","1","Income Tax Department alert: unauthorized access detected. Please complete verification to avoid consequences."
"Microsoft Security Team alert: data leak detected. Please complete verification to avoid consequences.","1","1","1","1","Microsoft Security Team alert: data leak detected. Please complete verification to avoid consequences."
"Executive Management Office reports that violation of security policy identified. Please complete verification within the given timeframe.","1","1","1","1","Executive Management Office reports that violation of security policy identified. Please complete verification within the given timeframe."
"Supreme Court Notification reports that critical security anomaly observed. Please complete mandatory security validation.","1","1","1","1","Supreme Court Notification reports that critical security anomaly observed. Please complete mandatory security validation."
"Government Security Division reports that violation of security policy identified. Please confirm your details through the official portal.","1","1","1","1","Government Security Division reports that violation of security policy identified. Please confirm your details through the official portal."
"Ministry of Finance reports that sensitive data exposure risk detected. Please complete mandatory security validation.","1","1","1","1","Ministry of Finance reports that sensitive data exposure risk detected. Please complete mandatory security validation."
"Corporate Compliance Office reports that unusual device access recorded. Please follow instructions provided by the authority.","1","1","1","1","Corporate Compliance Office reports that unusual device access recorded. Please follow instructions provided by the authority."
"Ministry of Finance reports that legal compliance verification required. Please log in to resolve the issue.","1","1","1","1","Ministry of Finance reports that legal compliance verification required. Please log in to resolve the issue."
"Supreme Court Notification reports that unusual device access recorded. Please verify information to prevent escalation.","1","1","1","1","Supreme Court Notification reports that unusual device access recorded. Please verify information to prevent escalation."
"Bank Fraud Monitoring Unit reports that legal compliance verification required. Please log in to resolve the issue.","1","1","1","1","Bank Fraud Monitoring Unit reports that legal compliance verification required. Please log in to resolve the issue."
"Ministry of Finance reports that sensitive data exposure risk detected. Please confirm your details through the official portal.","1","1","1","1","Ministry of Finance reports that sensitive data exposure risk detected. Please confirm your details through the official portal."
"National Cyber Crime Bureau reports that critical security anomaly observed. Please respond to avoid further restrictions.","1","1","1","1","National Cyber Crime Bureau reports that critical security anomaly observed. Please respond to avoid further restrictions."
"Bank Fraud Monitoring Unit reports that legal compliance verification required. Please take action to restore full access.","1","1","1","1","Bank Fraud Monitoring Unit reports that legal compliance verification required. Please take action to restore full access."
"Reserve Bank of India reports that suspicious overseas transaction identified. Please complete mandatory security validation.","1","1","1","1","Reserve Bank of India reports that suspicious overseas transaction identified. Please complete mandatory security validation."
"Ministry of Finance reports that legal compliance verification required. Please follow instructions provided by the authority.","1","1","1","1","Ministry of Finance reports that legal compliance verification required. Please follow instructions provided by the authority."
"Ministry of Finance reports that temporary restriction applied to your account. Please complete mandatory security validation.","1","1","1","1","Ministry of Finance reports that temporary restriction applied to your account. Please complete mandatory security validation."
"Internal Audit Department reports that temporary restriction applied to your account. Please complete mandatory security validation.","1","1","1","1","Internal Audit Department reports that temporary restriction applied to your account. Please complete mandatory security validation."
"Supreme Court Notification reports that sensitive data exposure risk detected. Please log in to resolve the issue.","1","1","1","1","Supreme Court Notification reports that sensitive data exposure risk detected. Please log in to resolve the issue."
"Income Tax Authority reports that your account flagged for compliance review. Please review and acknowledge this notice.","1","1","1","1","Income Tax Authority reports that your account flagged for compliance review. Please review and acknowledge this notice."
"Executive Management Office reports that your account flagged for compliance review. Please verify information to prevent escalation.","1","1","1","1","Executive Management Office reports that your account flagged for compliance review. Please verify information to prevent escalation."
"Ministry of Finance reports that unusual device access recorded. Please respond to avoid further restrictions.","1","1","1","1","Ministry of Finance reports that unusual device access recorded. Please respond to avoid further restrictions."
"Supreme Court Notification reports that legal compliance verification required. Please take action to restore full access.","1","1","1","1","Supreme Court Notification reports that legal compliance verification required. Please take action to restore full access."
"Income Tax Authority reports that potential identity theft detected. Please submit the required documents immediately.","1","1","1","1","Income Tax Authority reports that potential identity theft detected. Please submit the required documents immediately."
"Internal Audit Department reports that multiple failed login attempts detected. Please complete mandatory security validation.","1","1","1","1","Internal Audit Department reports that multiple failed login attempts detected. Please complete mandatory security validation."
"Bank Fraud Monitoring Unit reports that sensitive data exposure risk detected. Please log in to resolve the issue.","1","1","1","1","Bank Fraud Monitoring Unit reports that sensitive data exposure risk detected. Please log in to resolve the issue."
"Executive Management Office reports that potential identity theft detected. Please log in to resolve the issue.","1","1","1","1","Executive Management Office reports that potential identity theft detected. Please log in to resolve the issue."
"Reserve Bank of India reports that violation of security policy identified. Please complete mandatory security validation.","1","1","1","1","Reserve Bank of India reports that violation of security policy identified. Please complete mandatory security validation."
"Supreme Court Notification reports that multiple failed login attempts detected. Please review and acknowledge this notice.","1","1","1","1","Supreme Court Notification reports that multiple failed login attempts detected. Please review and acknowledge this notice."
"Ministry of Finance reports that potential identity theft detected. Please complete verification within the given timeframe.","1","1","1","1","Ministry of Finance reports that potential identity theft detected. Please complete verification within the given timeframe."
"Internal Audit Department reports that unusual device access recorded. Please respond to avoid further restrictions.","1","1","1","1","Internal Audit Department reports that unusual device access recorded. Please respond to avoid further restrictions."
"Government Security Division reports that potential identity theft detected. Please take action to restore full access.","1","1","1","1","Government Security Division reports that potential identity theft detected. Please take action to restore full access."
"Executive Management Office reports that your account flagged for compliance review. Please review and acknowledge this notice.","1","1","1","1","Executive Management Office reports that your account flagged for compliance review. Please review and acknowledge this notice."
"Executive Management Office reports that your account flagged for compliance review. Please submit the required documents immediately.","1","1","1","1","Executive Management Office reports that your account flagged for compliance review. Please submit the required documents immediately."
"Ministry of Finance reports that potential identity theft detected. Please take action to restore full access.","1","1","1","1","Ministry of Finance reports that potential identity theft detected. Please take action to restore full access."
"Bank Fraud Monitoring Unit reports that legal compliance verification required. Please complete mandatory security validation.","1","1","1","1","Bank Fraud Monitoring Unit reports that legal compliance verification required. Please complete mandatory security validation."
"Corporate Compliance Office reports that multiple failed login attempts detected. Please complete verification within the given timeframe.","1","1","1","1","Corporate Compliance Office reports that multiple failed login attempts detected. Please complete verification within the given timeframe."
"Reserve Bank of India reports that sensitive data exposure risk detected. Please verify information to prevent escalation.","1","1","1","1","Reserve Bank of India reports that sensitive data exposure risk detected. Please verify information to prevent escalation."
"Government Security Division reports that legal compliance verification required. Please respond to avoid further restrictions.","1","1","1","1","Government Security Division reports that legal compliance verification required. Please respond to avoid further restrictions."
"National Cyber Crime Bureau reports that legal compliance verification required. Please complete verification within the given timeframe.","1","1","1","1","National Cyber Crime Bureau reports that legal compliance verification required. Please complete verification within the given timeframe."
"Government Security Division reports that legal compliance verification required. Please follow instructions provided by the authority.","1","1","1","1","Government Security Division reports that legal compliance verification required. Please follow instructions provided by the authority."
"Supreme Court Notification reports that your account flagged for compliance review. Please take action to restore full access.","1","1","1","1","Supreme Court Notification reports that your account flagged for compliance review. Please take action to restore full access."
"Corporate Compliance Office reports that your account flagged for compliance review. Please log in to resolve the issue.","1","1","1","1","Corporate Compliance Office reports that your account flagged for compliance review. Please log in to resolve the issue."
"Supreme Court Notification reports that suspicious overseas transaction identified. Please respond to avoid further restrictions.","1","1","1","1","Supreme Court Notification reports that suspicious overseas transaction identified. Please respond to avoid further restrictions."
"Government Security Division reports that multiple failed login attempts detected. Please confirm your details through the official portal.","1","1","1","1","Government Security Division reports that multiple failed login attempts detected. Please confirm your details through the official portal."
"National Cyber Crime Bureau reports that suspicious overseas transaction identified. Please respond to avoid further restrictions.","1","1","1","1","National Cyber Crime Bureau reports that suspicious overseas transaction identified. Please respond to avoid further restrictions."
"Income Tax Authority reports that violation of security policy identified. Please take action to restore full access.","1","1","1","1","Income Tax Authority reports that violation of security policy identified. Please take action to restore full access."
"Executive Management Office reports that your account flagged for compliance review. Please confirm your details through the official portal.","1","1","1","1","Executive Management Office reports that your account flagged for compliance review. Please confirm your details through the official portal."
"National Cyber Crime Bureau reports that multiple failed login attempts detected. Please complete verification within the given timeframe.","1","1","1","1","National Cyber Crime Bureau reports that multiple failed login attempts detected. Please complete verification within the given timeframe."
"Internal Audit Department reports that your account flagged for compliance review. Please verify information to prevent escalation.","1","1","1","1","Internal Audit Department reports that your account flagged for compliance review. Please verify information to prevent escalation."
"Bank Fraud Monitoring Unit reports that temporary restriction applied to your account. Please respond to avoid further restrictions.","1","1","1","1","Bank Fraud Monitoring Unit reports that temporary restriction applied to your account. Please respond to avoid further restrictions."
"Internal Audit Department reports that legal compliance verification required. Please follow instructions provided by the authority.","1","1","1","1","Internal Audit Department reports that legal compliance verification required. Please follow instructions provided by the authority."
"National Cyber Crime Bureau reports that temporary restriction applied to your account. Please follow instructions provided by the authority.","1","1","1","1","National Cyber Crime Bureau reports that temporary restriction applied to your account. Please follow instructions provided by the authority."
"Supreme Court Notification reports that sensitive data exposure risk detected. Please submit the required documents immediately.","1","1","1","1","Supreme Court Notification reports that sensitive data exposure risk detected. Please submit the required documents immediately."
"Ministry of Finance reports that sensitive data exposure risk detected. Please take action to restore full access.","1","1","1","1","Ministry of Finance reports that sensitive data exposure risk detected. Please take action to restore full access."
"Executive Management Office reports that critical security anomaly observed. Please follow instructions provided by the authority.","1","1","1","1","Executive Management Office reports that critical security anomaly observed. Please follow instructions provided by the authority."
"Bank Fraud Monitoring Unit reports that suspicious overseas transaction identified. Please confirm your details through the official portal.","1","1","1","1","Bank Fraud Monitoring Unit reports that suspicious overseas transaction identified. Please confirm your details through the official portal."
"Ministry of Finance reports that sensitive data exposure risk detected. Please verify information to prevent escalation.","1","1","1","1","Ministry of Finance reports that sensitive data exposure risk detected. Please verify information to prevent escalation."
"Government Security Division reports that sensitive data exposure risk detected. Please log in to resolve the issue.","1","1","1","1","Government Security Division reports that sensitive data exposure risk detected. Please log in to resolve the issue."
"Reserve Bank of India reports that your account flagged for compliance review. Please log in to resolve the issue.","1","1","1","1","Reserve Bank of India reports that your account flagged for compliance review. Please log in to resolve the issue."
"Supreme Court Notification reports that unusual device access recorded. Please complete verification within the given timeframe.","1","1","1","1","Supreme Court Notification reports that unusual device access recorded. Please complete verification within the given timeframe."
"National Cyber Crime Bureau reports that suspicious overseas transaction identified. Please confirm your details through the official portal.","1","1","1","1","National Cyber Crime Bureau reports that suspicious overseas transaction identified. Please confirm your details through the official portal."
"Supreme Court Notification reports that legal compliance verification required. Please verify information to prevent escalation.","1","1","1","1","Supreme Court Notification reports that legal compliance verification required. Please verify information to prevent escalation."
"Supreme Court Notification reports that potential identity theft detected. Please verify information to prevent escalation.","1","1","1","1","Supreme Court Notification reports that potential identity theft detected. Please verify information to prevent escalation."
"Government Security Division reports that suspicious overseas transaction identified. Please log in to resolve the issue.","1","1","1","1","Government Security Division reports that suspicious overseas transaction identified. Please log in to resolve the issue."
"Government Security Division reports that temporary restriction applied to your account. Please verify information to prevent escalation.","1","1","1","1","Government Security Division reports that temporary restriction applied to your account. Please verify information to prevent escalation."
"Ministry of Finance reports that temporary restriction applied to your account. Please review and acknowledge this notice.","1","1","1","1","Ministry of Finance reports that temporary restriction applied to your account. Please review and acknowledge this notice."
"Executive Management Office reports that suspicious overseas transaction identified. Please complete verification within the given timeframe.","1","1","1","1","Executive Management Office reports that suspicious overseas transaction identified. Please complete verification within the given timeframe."
"Reserve Bank of India reports that legal compliance verification required. Please respond to avoid further restrictions.","1","1","1","1","Reserve Bank of India reports that legal compliance verification required. Please respond to avoid further restrictions."
"Government Security Division reports that unusual device access recorded. Please follow instructions provided by the authority.","1","1","1","1","Government Security Division reports that unusual device access recorded. Please follow instructions provided by the authority."
"Supreme Court Notification reports that violation of security policy identified. Please submit the required documents immediately.","1","1","1","1","Supreme Court Notification reports that violation of security policy identified. Please submit the required documents immediately."
"Supreme Court Notification reports that potential identity theft detected. Please complete mandatory security validation.","1","1","1","1","Supreme Court Notification reports that potential identity theft detected. Please complete mandatory security validation."
"National Cyber Crime Bureau reports that multiple failed login attempts detected. Please log in to resolve the issue.","1","1","1","1","National Cyber Crime Bureau reports that multiple failed login attempts detected. Please log in to resolve the issue."
"National Cyber Crime Bureau reports that sensitive data exposure risk detected. Please complete verification within the given timeframe.","1","1","1","1","National Cyber Crime Bureau reports that sensitive data exposure risk detected. Please complete verification within the given timeframe."
"Reserve Bank of India reports that sensitive data exposure risk detected. Please follow instructions provided by the authority.","1","1","1","1","Reserve Bank of India reports that sensitive data exposure risk detected. Please follow instructions provided by the authority."
"Bank Fraud Monitoring Unit reports that critical security anomaly observed. Please take action to restore full access.","1","1","1","1","Bank Fraud Monitoring Unit reports that critical security anomaly observed. Please take action to restore full access."
"Income Tax Authority reports that suspicious overseas transaction identified. Please take action to restore full access.","1","1","1","1","Income Tax Authority reports that suspicious overseas transaction identified. Please take action to restore full access."
"Income Tax Authority reports that legal compliance verification required. Please verify information to prevent escalation.","1","1","1","1","Income Tax Authority reports that legal compliance verification required. Please verify information to prevent escalation."
"Ministry of Finance reports that unusual device access recorded. Please complete mandatory security validation.","1","1","1","1","Ministry of Finance reports that unusual device access recorded. Please complete mandatory security validation."
"Supreme Court Notification reports that multiple failed login attempts detected. Please confirm your details through the official portal.","1","1","1","1","Supreme Court Notification reports that multiple failed login attempts detected. Please confirm your details through the official portal."
"Bank Fraud Monitoring Unit reports that sensitive data exposure risk detected. Please complete verification within the given timeframe.","1","1","1","1","Bank Fraud Monitoring Unit reports that sensitive data exposure risk detected. Please complete verification within the given timeframe."
"Executive Management Office reports that violation of security policy identified. Please take action to restore full access.","1","1","1","1","Executive Management Office reports that violation of security policy identified. Please take action to restore full access."
"Government Security Division reports that multiple failed login attempts detected. Please log in to resolve the issue.","1","1","1","1","Government Security Division reports that multiple failed login attempts detected. Please log in to resolve the issue."
"Executive Management Office reports that potential identity theft detected. Please follow instructions provided by the authority.","1","1","1","1","Executive Management Office reports that potential identity theft detected. Please follow instructions provided by the authority."
"Internal Audit Department reports that sensitive data exposure risk detected. Please submit the required documents immediately.","1","1","1","1","Internal Audit Department reports that sensitive data exposure risk detected. Please submit the required documents immediately."
"Reserve Bank of India reports that temporary restriction applied to your account. Please log in to resolve the issue.","1","1","1","1","Reserve Bank of India reports that temporary restriction applied to your account. Please log in to resolve the issue."
"Corporate Compliance Office reports that unusual device access recorded. Please complete mandatory security validation.","1","1","1","1","Corporate Compliance Office reports that unusual device access recorded. Please complete mandatory security validation."
"Supreme Court Notification reports that critical security anomaly observed. Please take action to restore full access.","1","1","1","1","Supreme Court Notification reports that critical security anomaly observed. Please take action to restore full access."
"Income Tax Authority reports that unusual device access recorded. Please confirm your details through the official portal.","1","1","1","1","Income Tax Authority reports that unusual device access recorded. Please confirm your details through the official portal."
"Corporate Compliance Office reports that critical security anomaly observed. Please verify information to prevent escalation.","1","1","1","1","Corporate Compliance Office reports that critical security anomaly observed. Please verify information to prevent escalation."
"Ministry of Finance reports that legal compliance verification required. Please review and acknowledge this notice.","1","1","1","1","Ministry of Finance reports that legal compliance verification required. Please review and acknowledge this notice."
"Reserve Bank of India reports that violation of security policy identified. Please review and acknowledge this notice.","1","1","1","1","Reserve Bank of India reports that violation of security policy identified. Please review and acknowledge this notice."
"Internal Audit Department reports that suspicious overseas transaction identified. Please confirm your details through the official portal.","1","1","1","1","Internal Audit Department reports that suspicious overseas transaction identified. Please confirm your details through the official portal."
"Government Security Division reports that potential identity theft detected. Please log in to resolve the issue.","1","1","1","1","Government Security Division reports that potential identity theft detected. Please log in to resolve the issue."
"Bank Fraud Monitoring Unit reports that potential identity theft detected. Please confirm your details through the official portal.","1","1","1","1","Bank Fraud Monitoring Unit reports that potential identity theft detected. Please confirm your details through the official portal."
"Internal Audit Department reports that violation of security policy identified. Please take action to restore full access.","1","1","1","1","Internal Audit Department reports that violation of security policy identified. Please take action to restore full access."
"Internal Audit Department reports that sensitive data exposure risk detected. Please complete mandatory security validation.","1","1","1","1","Internal Audit Department reports that sensitive data exposure risk detected. Please complete mandatory security validation."
"Corporate Compliance Office reports that temporary restriction applied to your account. Please review and acknowledge this notice.","1","1","1","1","Corporate Compliance Office reports that temporary restriction applied to your account. Please review and acknowledge this notice."
"Reserve Bank of India reports that legal compliance verification required. Please follow instructions provided by the authority.","1","1","1","1","Reserve Bank of India reports that legal compliance verification required. Please follow instructions provided by the authority."
"Government Security Division reports that violation of security policy identified. Please verify information to prevent escalation.","1","1","1","1","Government Security Division reports that violation of security policy identified. Please verify information to prevent escalation."
"Supreme Court Notification reports that potential identity theft detected. Please review and acknowledge this notice.","1","1","1","1","Supreme Court Notification reports that potential identity theft detected. Please review and acknowledge this notice."
"Internal Audit Department reports that legal compliance verification required. Please log in to resolve the issue.","1","1","1","1","Internal Audit Department reports that legal compliance verification required. Please log in to resolve the issue."
"Reserve Bank of India reports that unusual device access recorded. Please respond to avoid further restrictions.","1","1","1","1","Reserve Bank of India reports that unusual device access recorded. Please respond to avoid further restrictions."
"National Cyber Crime Bureau reports that potential identity theft detected. Please respond to avoid further restrictions.","1","1","1","1","National Cyber Crime Bureau reports that potential identity theft detected. Please respond to avoid further restrictions."
"Income Tax Authority reports that critical security anomaly observed. Please log in to resolve the issue.","1","1","1","1","Income Tax Authority reports that critical security anomaly observed. Please log in to resolve the issue."
"Bank Fraud Monitoring Unit reports that violation of security policy identified. Please review and acknowledge this notice.","1","1","1","1","Bank Fraud Monitoring Unit reports that violation of security policy identified. Please review and acknowledge this notice."
"Executive Management Office reports that violation of security policy identified. Please submit the required documents immediately.","1","1","1","1","Executive Management Office reports that violation of security policy identified. Please submit the required documents immediately."
"Executive Management Office reports that legal compliance verification required. Please log in to resolve the issue.","1","1","1","1","Executive Management Office reports that legal compliance verification required. Please log in to resolve the issue."
"Reserve Bank of India reports that violation of security policy identified. Please respond to avoid further restrictions.","1","1","1","1","Reserve Bank of India reports that violation of security policy identified. Please respond to avoid further restrictions."
"Supreme Court Notification reports that suspicious overseas transaction identified. Please submit the required documents immediately.","1","1","1","1","Supreme Court Notification reports that suspicious overseas transaction identified. Please submit the required documents immediately."
"Government Security Division reports that unusual device access recorded. Please log in to resolve the issue.","1","1","1","1","Government Security Division reports that unusual device access recorded. Please log in to resolve the issue."
"Supreme Court Notification reports that legal compliance verification required. Please log in to resolve the issue.","1","1","1","1","Supreme Court Notification reports that legal compliance verification required. Please log in to resolve the issue."
"Income Tax Authority reports that your account flagged for compliance review. Please verify information to prevent escalation.","1","1","1","1","Income Tax Authority reports that your account flagged for compliance review. Please verify information to prevent escalation."
"Ministry of Finance reports that critical security anomaly observed. Please complete verification within the given timeframe.","1","1","1","1","Ministry of Finance reports that critical security anomaly observed. Please complete verification within the given timeframe."
"Government Security Division reports that suspicious overseas transaction identified. Please confirm your details through the official portal.","1","1","1","1","Government Security Division reports that suspicious overseas transaction identified. Please confirm your details through the official portal."
"Corporate Compliance Office reports that suspicious overseas transaction identified. Please log in to resolve the issue.","1","1","1","1","Corporate Compliance Office reports that suspicious overseas transaction identified. Please log in to resolve the issue."
"Ministry of Finance reports that your account flagged for compliance review. Please complete verification within the given timeframe.","1","1","1","1","Ministry of Finance reports that your account flagged for compliance review. Please complete verification within the given timeframe."
"Ministry of Finance reports that critical security anomaly observed. Please log in to resolve the issue.","1","1","1","1","Ministry of Finance reports that critical security anomaly observed. Please log in to resolve the issue."
"Bank Fraud Monitoring Unit reports that legal compliance verification required. Please complete verification within the given timeframe.","1","1","1","1","Bank Fraud Monitoring Unit reports that legal compliance verification required. Please complete verification within the given timeframe."
"Internal Audit Department reports that legal compliance verification required. Please confirm your details through the official portal.","1","1","1","1","Internal Audit Department reports that legal compliance verification required. Please confirm your details through the official portal."
"National Cyber Crime Bureau reports that temporary restriction applied to your account. Please complete verification within the given timeframe.","1","1","1","1","National Cyber Crime Bureau reports that temporary restriction applied to your account. Please complete verification within the given timeframe."
"Corporate Compliance Office reports that suspicious overseas transaction identified. Please complete verification within the given timeframe.","1","1","1","1","Corporate Compliance Office reports that suspicious overseas transaction identified. Please complete verification within the given timeframe."
"Corporate Compliance Office reports that legal compliance verification required. Please review and acknowledge this notice.","1","1","1","1","Corporate Compliance Office reports that legal compliance verification required. Please review and acknowledge this notice."
"National Cyber Crime Bureau reports that legal compliance verification required. Please confirm your details through the official portal.","1","1","1","1","National Cyber Crime Bureau reports that legal compliance verification required. Please confirm your details through the official portal."
"Bank Fraud Monitoring Unit reports that violation of security policy identified. Please take action to restore full access.","1","1","1","1","Bank Fraud Monitoring Unit reports that violation of security policy identified. Please take action to restore full access."
"Government Security Division reports that critical security anomaly observed. Please follow instructions provided by the authority.","1","1","1","1","Government Security Division reports that critical security anomaly observed. Please follow instructions provided by the authority."
"Supreme Court Notification reports that critical security anomaly observed. Please verify information to prevent escalation.","1","1","1","1","Supreme Court Notification reports that critical security anomaly observed. Please verify information to prevent escalation."
"Bank Fraud Monitoring Unit reports that sensitive data exposure risk detected. Please take action to restore full access.","1","1","1","1","Bank Fraud Monitoring Unit reports that sensitive data exposure risk detected. Please take action to restore full access."
"Government Security Division reports that your account flagged for compliance review. Please review and acknowledge this notice.","1","1","1","1","Government Security Division reports that your account flagged for compliance review. Please review and acknowledge this notice."
"Bank Fraud Monitoring Unit reports that multiple failed login attempts detected. Please take action to restore full access.","1","1","1","1","Bank Fraud Monitoring Unit reports that multiple failed login attempts detected. Please take action to restore full access."
"Executive Management Office reports that suspicious overseas transaction identified. Please respond to avoid further restrictions.","1","1","1","1","Executive Management Office reports that suspicious overseas transaction identified. Please respond to avoid further restrictions."
"Internal Audit Department reports that your account flagged for compliance review. Please confirm your details through the official portal.","1","1","1","1","Internal Audit Department reports that your account flagged for compliance review. Please confirm your details through the official portal."
"National Cyber Crime Bureau reports that violation of security policy identified. Please follow instructions provided by the authority.","1","1","1","1","National Cyber Crime Bureau reports that violation of security policy identified. Please follow instructions provided by the authority."
"Income Tax Authority reports that multiple failed login attempts detected. Please log in to resolve the issue.","1","1","1","1","Income Tax Authority reports that multiple failed login attempts detected. Please log in to resolve the issue."
"Ministry of Finance reports that suspicious overseas transaction identified. Please complete mandatory security validation.","1","1","1","1","Ministry of Finance reports that suspicious overseas transaction identified. Please complete mandatory security validation."
"National Cyber Crime Bureau reports that your account flagged for compliance review. Please review and acknowledge this notice.","1","1","1","1","National Cyber Crime Bureau reports that your account flagged for compliance review. Please review and acknowledge this notice."
"Executive Management Office reports that multiple failed login attempts detected. Please complete verification within the given timeframe.","1","1","1","1","Executive Management Office reports that multiple failed login attempts detected. Please complete verification within the given timeframe."
"Corporate Compliance Office reports that violation of security policy identified. Please confirm your details through the official portal.","1","1","1","1","Corporate Compliance Office reports that violation of security policy identified. Please confirm your details through the official portal."
"Income Tax Authority reports that legal compliance verification required. Please confirm your details through the official portal.","1","1","1","1","Income Tax Authority reports that legal compliance verification required. Please confirm your details through the official portal."
"Executive Management Office reports that potential identity theft detected. Please submit the required documents immediately.","1","1","1","1","Executive Management Office reports that potential identity theft detected. Please submit the required documents immediately."
"Bank Fraud Monitoring Unit reports that violation of security policy identified. Please confirm your details through the official portal.","1","1","1","1","Bank Fraud Monitoring Unit reports that violation of security policy identified. Please confirm your details through the official portal."
"Income Tax Authority reports that violation of security policy identified. Please verify information to prevent escalation.","1","1","1","1","Income Tax Authority reports that violation of security policy identified. Please verify information to prevent escalation."
"Bank Fraud Monitoring Unit reports that temporary restriction applied to your account. Please verify information to prevent escalation.","1","1","1","1","Bank Fraud Monitoring Unit reports that temporary restriction applied to your account. Please verify information to prevent escalation."
"Reserve Bank of India reports that unusual device access recorded. Please submit the required documents immediately.","1","1","1","1","Reserve Bank of India reports that unusual device access recorded. Please submit the required documents immediately."
"Corporate Compliance Office reports that multiple failed login attempts detected. Please submit the required documents immediately.","1","1","1","1","Corporate Compliance Office reports that multiple failed login attempts detected. Please submit the required documents immediately."
"Corporate Compliance Office reports that critical security anomaly observed. Please confirm your details through the official portal.","1","1","1","1","Corporate Compliance Office reports that critical security anomaly observed. Please confirm your details through the official portal."
"Corporate Compliance Office reports that temporary restriction applied to your account. Please submit the required documents immediately.","1","1","1","1","Corporate Compliance Office reports that temporary restriction applied to your account. Please submit the required documents immediately."
"Internal Audit Department reports that violation of security policy identified. Please confirm your details through the official portal.","1","1","1","1","Internal Audit Department reports that violation of security policy identified. Please confirm your details through the official portal."
"Meeting reminder: improving project timelines. Let's discuss this at 2 PM.","0","0","0","0","Meeting reminder: improving project timelines. Let's discuss this at 2 PM."
"HR Update: The annual potluck is scheduled for next Friday. Please bring a dish!","0","0","0","0","HR Update: The annual potluck is scheduled for next Friday. Please bring a dish!"
"Your Amazon order #402-392 has shipped. Track your package here.","0","0","0","0","Your Amazon order #402-392 has shipped. Track your package here."
"Weekly Newsletter: Top trends in AI and cybersecurity for 2025.","0","0","0","0","Weekly Newsletter: Top trends in AI and cybersecurity for 2025."
"Project Alpha status update: Phase 1 complete. Moving to Phase 2.","0","0","0","0","Project Alpha status update: Phase 1 complete. Moving to Phase 2."
"Can you please send me the latest slide deck? Thanks.","0","0","0","0","Can you please send me the latest slide deck? Thanks."
"Reminder: Office closed next Monday for the holiday.","0","0","0","0","Reminder: Office closed next Monday for the holiday."
"Subscription confirmation: You have successfully subscribed to our service.","0","0","0","0","Subscription confirmation: You have successfully subscribed to our service."
"Password reset successful. If this was you, no further action is needed.","0","0","0","0","Password reset successful. If this was you, no further action is needed."
"LinkedIn: You appeared in 5 searches this week.","0","0","0","0","LinkedIn: You appeared in 5 searches this week."
"Google Calendar: Team Sync starting in 10 minutes.","0","0","0","0","Google Calendar: Team Sync starting in 10 minutes."
"Invoice #2023 attached for your records. Payment due in 30 days.","0","0","0","0","Invoice #2023 attached for your records. Payment due in 30 days."
"IT Support: Your ticket #9923 has been resolved.","0","0","0","0","IT Support: Your ticket #9923 has been resolved."
"Happy Birthday! careful wishing you a great day from the team.","0","0","0","0","Happy Birthday! careful wishing you a great day from the team."
"Feedback request: How was your recent support experience?","0","0","0","0","Feedback request: How was your recent support experience?"
"DocuSign: Please review the attached contract draft when you have a moment.","0","0","0","0","DocuSign: Please review the attached contract draft when you have a moment."
"Slack: New message from Sarah in #general.","0","0","0","0","Slack: New message from Sarah in #general."
"Zoom: Meeting recording is now available.","0","0","0","0","Zoom: Meeting recording is now available."
"Jira: Issue #442 has been updated.","0","0","0","0","Jira: Issue #442 has been updated."
"GitHub: Pull request #33 merged into main.","0","0","0","0","GitHub: Pull request #33 merged into main."
"Flight confirmation: Your trip to New York is confirmed.","0","0","0","0","Flight confirmation: Your trip to New York is confirmed."
"Hotel reservation: Check-in details for your upcoming stay.","0","0","0","0","Hotel reservation: Check-in details for your upcoming stay."
"Restaurant receipt: Thank you for dining with us.","0","0","0","0","Restaurant receipt: Thank you for dining with us."
"Bank Statement: Your monthly statement is ready to view.","0","0","0","0","Bank Statement: Your monthly statement is ready to view."
"Utility Bill: Your electricity bill is available.","0","0","0","0","Utility Bill: Your electricity bill is available."
"Verification code: 123456 is your verification code. Do not share it.","0","0","0","0","Verification code: 123456 is your verification code. Do not share it."
"Welcome to the team! We are excited to have you on board.","0","0","0","0","Welcome to the team! We are excited to have you on board."
"Policy Update: Please read our updated privacy policy.","0","0","0","0","Policy Update: Please read our updated privacy policy."
"System Maintenance: Scheduled downtime this Saturday from 2am to 4am.","0","0","0","0","System Maintenance: Scheduled downtime this Saturday from 2am to 4am."
"Courier update: Your package has been delivered to the front desk.","0","0","0","0","Courier update: Your package has been delivered to the front desk."
"Team Lunch: We are going to the Italian place downstairs.","0","0","0","0","Team Lunch: We are going to the Italian place downstairs."
"Expense report approved. Reimbursement will be processed shortly.","0","0","0","0","Expense report approved. Reimbursement will be processed shortly."
"Client meeting reschedule: Moving to Tuesday at 10 AM.","0","0","0","0","Client meeting reschedule: Moving to Tuesday at 10 AM."
"Code review request: Please check the latest commit.","0","0","0","0","Code review request: Please check the latest commit."
"Server status: All systems operational.","0","0","0","0","Server status: All systems operational."
"Backup complete: Weekly backup finished successfully.","0","0","0","0","Backup complete: Weekly backup finished successfully."
"Wifi credentials: The guest network password has changed.","0","0","0","0","Wifi credentials: The guest network password has changed."
"Office supplies: The new printer paper has arrived.","0","0","0","0","Office supplies: The new printer paper has arrived."
"Internal Memo: new security protocols for visitor badges.","0","0","0","0","Internal Memo: new security protocols for visitor badges."
"Holiday party invitation: RSVP by Friday.","0","0","0","0","Holiday party invitation: RSVP by Friday."
"Gym membership: Your renewal is coming up.","0","0","0","0","Gym membership: Your renewal is coming up."
"Parking permit: please display this on your dashboard.","0","0","0","0","Parking permit: please display this on your dashboard."
"Cafeteria menu: Today's specials are taco salad and soup.","0","0","0","0","Cafeteria menu: Today's specials are taco salad and soup."
"Lost and Found: A set of keys was found in the break room.","0","0","0","0","Lost and Found: A set of keys was found in the break room."
"Quarterly All-Hands: Please join us in the main auditorium.","0","0","0","0","Quarterly All-Hands: Please join us in the main auditorium."
"Software update: A new version is available for download.","0","0","0","0","Software update: A new version is available for download."
"Library due date: Your book is due back tomorrow.","0","0","0","0","Library due date: Your book is due back tomorrow."
"Appointment confirmation: See you tomorrow at 3 PM.","0","0","0","0","Appointment confirmation: See you tomorrow at 3 PM."
"Volunteer opportunity: Sign up to help at the local shelter.","0","0","0","0","Volunteer opportunity: Sign up to help at the local shelter."
"Charity drive: We are collecting coats this week.","0","0","0","0","Charity drive: We are collecting coats this week."
"Weather alert: Heavy rain expected this evening. Drive safely.","0","0","0","0","Weather alert: Heavy rain expected this evening. Drive safely."
"Traffic update: Accident on I-405, expect delays.","0","0","0","0","Traffic update: Accident on I-405, expect delays."
"News Alert: Local sports team wins championship.","0","0","0","0","News Alert: Local sports team wins championship."
"Daily Digest: Top stories for you.","0","0","0","0","Daily Digest: Top stories for you."
"Recipe of the day: Chocolate chip cookies.","0","0","0","0","Recipe of the day: Chocolate chip cookies."
"Weekend plans: Are we still on for hiking?","0","0","0","0","Weekend plans: Are we still on for hiking?"
"Family reunion: Save the date for next summer.","0","0","0","0","Family reunion: Save the date for next summer."
"School closure: Due to snow, schools are closed today.","0","0","0","0","School closure: Due to snow, schools are closed today."
"Movie tickets: Your booking is confirmed.","0","0","0","0","Movie tickets: Your booking is confirmed."
"Concert presale: Tickets go on sale tomorrow.","0","0","0","0","Concert presale: Tickets go on sale tomorrow."
"CEO Office Notice: unauthorized access was detected on your account. this request is time-sensitive. Please log in to your Netflix account to verify your details.","1","1","1","1","CEO Office Notice: unauthorized access was detected on your account. this request is time-sensitive. Please log in to your Netflix account to verify your details."
"WhatsApp Security Update: Your account activity was reviewed and no action is required at this time.","0","0","0","0","WhatsApp Security Update: Your account activity was reviewed and no action is required at this time."
"Income Tax Department Notice: multiple failed login attempts were observed. immediate action is required. Please log in to your Instagram account to verify your details.","1","1","1","1","Income Tax Department Notice: multiple failed login attempts were observed. immediate action is required. Please log in to your Instagram account to verify your details."
"Reserve Bank of India Notice: your account is scheduled for temporary suspension. failure to act may result in permanent suspension. Please log in to your Instagram account to verify your details.","1","1","1","1","Reserve Bank of India Notice: your account is scheduled for temporary suspension. failure to act may result in permanent suspension. Please log in to your Instagram account to verify your details."
"Microsoft Security Team Notice: multiple failed login attempts were observed. immediate action is required. Please log in to your WhatsApp account to verify your details.","1","1","1","1","Microsoft Security Team Notice: multiple failed login attempts were observed. immediate action is required. Please log in to your WhatsApp account to verify your details."
"Reserve Bank of India Notice: multiple failed login attempts were observed. immediate action is required. Please log in to your Amazon account to verify your details.","1","1","1","1","Reserve Bank of India Notice: multiple failed login attempts were observed. immediate action is required. Please log in to your Amazon account to verify your details."
"Reserve Bank of India Notice: multiple failed login attempts were observed. failure to act may result in permanent suspension. Please log in to your Google account to verify your details.","1","1","1","1","Reserve Bank of India Notice: multiple failed login attempts were observed. failure to act may result in permanent suspension. Please log in to your Google account to verify your details."
"Your password was successfully updated","0","0","0","0","Your password was successfully updated"
"Microsoft Security Team Notice: unauthorized access was detected on your account. failure to act may result in permanent suspension. Please log in to your WhatsApp account to verify your details.","1","1","1","1","Microsoft Security Team Notice: unauthorized access was detected on your account. failure to act may result in permanent suspension. Please log in to your WhatsApp account to verify your details."
"PayPal Security Update: Your account activity was reviewed and no action is required at this time.","0","0","0","0","PayPal Security Update: Your account activity was reviewed and no action is required at this time."
"Bank Fraud Department Notice: your account has been flagged for suspicious activity. verify your identity immediately. Please log in to your PayPal account to verify your details.","1","1","1","1","Bank Fraud Department Notice: your account has been flagged for suspicious activity. verify your identity immediately. Please log in to your PayPal account to verify your details."
"Local Police Station Notice: multiple failed login attempts were observed. immediate action is required. Please log in to your Microsoft account to verify your details.","1","1","1","1","Local Police Station Notice: multiple failed login attempts were observed. immediate action is required. Please log in to your Microsoft account to verify your details."
"Invoice generated for your recent purchase","0","0","0","0","Invoice generated for your recent purchase"
"Your subscription has been renewed successfully","0","0","0","0","Your subscription has been renewed successfully"
"IT Administration Notice: your account has been flagged for suspicious activity. please respond within 24 hours. Please log in to your Apple ID account to verify your details.","1","1","1","1","IT Administration Notice: your account has been flagged for suspicious activity. please respond within 24 hours. Please log in to your Apple ID account to verify your details."
"IT Administration Notice: unauthorized access was detected on your account. immediate action is required. Please log in to your Instagram account to verify your details.","1","1","1","1","IT Administration Notice: unauthorized access was detected on your account. immediate action is required. Please log in to your Instagram account to verify your details."
"Microsoft Security Team Notice: your account has been flagged for suspicious activity. immediate action is required. Please log in to your Facebook account to verify your details.","1","1","1","1","Microsoft Security Team Notice: your account has been flagged for suspicious activity. immediate action is required. Please log in to your Facebook account to verify your details."
"HR Compliance Office Notice: your account has been flagged for suspicious activity. immediate action is required. Please log in to your Instagram account to verify your details.","1","1","1","1","HR Compliance Office Notice: your account has been flagged for suspicious activity. immediate action is required. Please log in to your Instagram account to verify your details."
"Microsoft Security Team Notice: your account is scheduled for temporary suspension. immediate action is required. Please log in to your Netflix account to verify your details.","1","1","1","1","Microsoft Security Team Notice: your account is scheduled for temporary suspension. immediate action is required. Please log in to your Netflix account to verify your details."
"Google Security Notice: multiple failed login attempts were observed. verify your identity immediately. Please log in to your Instagram account to verify your details.","1","1","1","1","Google Security Notice: multiple failed login attempts were observed. verify your identity immediately. Please log in to your Instagram account to verify your details."
"Local Police Station Notice: your account is scheduled for temporary suspension. please respond within 24 hours. Please log in to your Netflix account to verify your details.","1","1","1","1","Local Police Station Notice: your account is scheduled for temporary suspension. please respond within 24 hours. Please log in to your Netflix account to verify your details."
"Income Tax Department Notice: unauthorized access was detected on your account. verify your identity immediately. Please log in to your Amazon account to verify your details.","1","1","1","1","Income Tax Department Notice: unauthorized access was detected on your account. verify your identity immediately. Please log in to your Amazon account to verify your details."
"Local Police Station Notice: a data breach has potentially exposed your information. failure to act may result in permanent suspension. Please log in to your Amazon account to verify your details.","1","1","1","1","Local Police Station Notice: a data breach has potentially exposed your information. failure to act may result in permanent suspension. Please log in to your Amazon account to verify your details."
"Monthly account statement is now available","0","0","0","0","Monthly account statement is now available"
"Your delivery has been completed successfully","0","0","0","0","Your delivery has been completed successfully"
"IT Administration Notice: your account has been flagged for suspicious activity. verify your identity immediately. Please log in to your Microsoft account to verify your details.","1","1","1","1","IT Administration Notice: your account has been flagged for suspicious activity. verify your identity immediately. Please log in to your Microsoft account to verify your details."
"Local Police Station Notice: multiple failed login attempts were observed. please respond within 24 hours. Please log in to your Instagram account to verify your details.","1","1","1","1","Local Police Station Notice: multiple failed login attempts were observed. please respond within 24 hours. Please log in to your Instagram account to verify your details."
"IT Administration Notice: your account has been flagged for suspicious activity. verify your identity immediately. Please log in to your Facebook account to verify your details.","1","1","1","1","IT Administration Notice: your account has been flagged for suspicious activity. verify your identity immediately. Please log in to your Facebook account to verify your details."
"Microsoft Security Team Notice: unauthorized access was detected on your account. immediate action is required. Please log in to your WhatsApp account to verify your details.","1","1","1","1","Microsoft Security Team Notice: unauthorized access was detected on your account. immediate action is required. Please log in to your WhatsApp account to verify your details."
"HR Compliance Office Notice: a data breach has potentially exposed your information. verify your identity immediately. Please log in to your Microsoft account to verify your details.","1","1","1","1","HR Compliance Office Notice: a data breach has potentially exposed your information. verify your identity immediately. Please log in to your Microsoft account to verify your details."
"Reserve Bank of India Notice: multiple failed login attempts were observed. this request is time-sensitive. Please log in to your PayPal account to verify your details.","1","1","1","1","Reserve Bank of India Notice: multiple failed login attempts were observed. this request is time-sensitive. Please log in to your PayPal account to verify your details."
"HR Compliance Office Notice: multiple failed login attempts were observed. verify your identity immediately. Please log in to your Facebook account to verify your details.","1","1","1","1","HR Compliance Office Notice: multiple failed login attempts were observed. verify your identity immediately. Please log in to your Facebook account to verify your details."
"Google Security Notice: your account is scheduled for temporary suspension. immediate action is required. Please log in to your Microsoft account to verify your details.","1","1","1","1","Google Security Notice: your account is scheduled for temporary suspension. immediate action is required. Please log in to your Microsoft account to verify your details."
"HR Compliance Office Notice: unauthorized access was detected on your account. verify your identity immediately. Please log in to your Amazon account to verify your details.","1","1","1","1","HR Compliance Office Notice: unauthorized access was detected on your account. verify your identity immediately. Please log in to your Amazon account to verify your details."
"Income Tax Department Notice: your account has been flagged for suspicious activity. verify your identity immediately. Please log in to your Instagram account to verify your details.","1","1","1","1","Income Tax Department Notice: your account has been flagged for suspicious activity. verify your identity immediately. Please log in to your Instagram account to verify your details."
"Google Security Notice: a data breach has potentially exposed your information. this request is time-sensitive. Please log in to your Apple ID account to verify your details.","1","1","1","1","Google Security Notice: a data breach has potentially exposed your information. this request is time-sensitive. Please log in to your Apple ID account to verify your details."
"Local Police Station Notice: your account is scheduled for temporary suspension. failure to act may result in permanent suspension. Please log in to your Google account to verify your details.","1","1","1","1","Local Police Station Notice: your account is scheduled for temporary suspension. failure to act may result in permanent suspension. Please log in to your Google account to verify your details."
"Microsoft Security Team Notice: unauthorized access was detected on your account. verify your identity immediately. Please log in to your Amazon account to verify your details.","1","1","1","1","Microsoft Security Team Notice: unauthorized access was detected on your account. verify your identity immediately. Please log in to your Amazon account to verify your details."
"CEO Office Notice: multiple failed login attempts were observed. immediate action is required. Please log in to your Facebook account to verify your details.","1","1","1","1","CEO Office Notice: multiple failed login attempts were observed. immediate action is required. Please log in to your Facebook account to verify your details."
"Thank you for contacting customer support","0","0","0","0","Thank you for contacting customer support"
"Local Police Station Notice: your account is scheduled for temporary suspension. this request is time-sensitive. Please log in to your Facebook account to verify your details.","1","1","1","1","Local Police Station Notice: your account is scheduled for temporary suspension. this request is time-sensitive. Please log in to your Facebook account to verify your details."
"Google Security Notice: unauthorized access was detected on your account. failure to act may result in permanent suspension. Please log in to your Netflix account to verify your details.","1","1","1","1","Google Security Notice: unauthorized access was detected on your account. failure to act may result in permanent suspension. Please log in to your Netflix account to verify your details."
"HR Compliance Office Notice: a data breach has potentially exposed your information. this request is time-sensitive. Please log in to your PayPal account to verify your details.","1","1","1","1","HR Compliance Office Notice: a data breach has potentially exposed your information. this request is time-sensitive. Please log in to your PayPal account to verify your details."
"Cyber Crime Cell Notice: your account is scheduled for temporary suspension. verify your identity immediately. Please log in to your Amazon account to verify your details.","1","1","1","1","Cyber Crime Cell Notice: your account is scheduled for temporary suspension. verify your identity immediately. Please log in to your Amazon account to verify your details."
"Local Police Station Notice: unauthorized access was detected on your account. this request is time-sensitive. Please log in to your WhatsApp account to verify your details.","1","1","1","1","Local Police Station Notice: unauthorized access was detected on your account. this request is time-sensitive. Please log in to your WhatsApp account to verify your details."
"Local Police Station Notice: a data breach has potentially exposed your information. verify your identity immediately. Please log in to your WhatsApp account to verify your details.","1","1","1","1","Local Police Station Notice: a data breach has potentially exposed your information. verify your identity immediately. Please log in to your WhatsApp account to verify your details."
"CEO Office Notice: your account is scheduled for temporary suspension. failure to act may result in permanent suspension. Please log in to your WhatsApp account to verify your details.","1","1","1","1","CEO Office Notice: your account is scheduled for temporary suspension. failure to act may result in permanent suspension. Please log in to your WhatsApp account to verify your details."
"CEO Office Notice: multiple failed login attempts were observed. verify your identity immediately. Please log in to your Apple ID account to verify your details.","1","1","1","1","CEO Office Notice: multiple failed login attempts were observed. verify your identity immediately. Please log in to your Apple ID account to verify your details."
"CEO Office Notice: unauthorized access was detected on your account. verify your identity immediately. Please log in to your Netflix account to verify your details.","1","1","1","1","CEO Office Notice: unauthorized access was detected on your account. verify your identity immediately. Please log in to your Netflix account to verify your details."
"HR Compliance Office Notice: multiple failed login attempts were observed. this request is time-sensitive. Please log in to your Netflix account to verify your details.","1","1","1","1","HR Compliance Office Notice: multiple failed login attempts were observed. this request is time-sensitive. Please log in to your Netflix account to verify your details."
"Google Security Notice: a data breach has potentially exposed your information. verify your identity immediately. Please log in to your Amazon account to verify your details.","1","1","1","1","Google Security Notice: a data breach has potentially exposed your information. verify your identity immediately. Please log in to your Amazon account to verify your details."
"Bank Fraud Department Notice: a data breach has potentially exposed your information. verify your identity immediately. Please log in to your Facebook account to verify your details.","1","1","1","1","Bank Fraud Department Notice: a data breach has potentially exposed your information. verify your identity immediately. Please log in to your Facebook account to verify your details."
"IT Administration Notice: your account is scheduled for temporary suspension. failure to act may result in permanent suspension. Please log in to your Netflix account to verify your details.","1","1","1","1","IT Administration Notice: your account is scheduled for temporary suspension. failure to act may result in permanent suspension. Please log in to your Netflix account to verify your details."
"Microsoft Security Team Notice: a data breach has potentially exposed your information. immediate action is required. Please log in to your Netflix account to verify your details.","1","1","1","1","Microsoft Security Team Notice: a data breach has potentially exposed your information. immediate action is required. Please log in to your Netflix account to verify your details."
"Microsoft Security Team Notice: your account is scheduled for temporary suspension. this request is time-sensitive. Please log in to your Google account to verify your details.","1","1","1","1","Microsoft Security Team Notice: your account is scheduled for temporary suspension. this request is time-sensitive. Please log in to your Google account to verify your details."
"Reserve Bank of India Notice: multiple failed login attempts were observed. verify your identity immediately. Please log in to your WhatsApp account to verify your details.","1","1","1","1","Reserve Bank of India Notice: multiple failed login attempts were observed. verify your identity immediately. Please log in to your WhatsApp account to verify your details."
"Microsoft Security Team Notice: a data breach has potentially exposed your information. please respond within 24 hours. Please log in to your WhatsApp account to verify your details.","1","1","1","1","Microsoft Security Team Notice: a data breach has potentially exposed your information. please respond within 24 hours. Please log in to your WhatsApp account to verify your details."
"IT Administration Notice: multiple failed login attempts were observed. immediate action is required. Please log in to your Microsoft account to verify your details.","1","1","1","1","IT Administration Notice: multiple failed login attempts were observed. immediate action is required. Please log in to your Microsoft account to verify your details."
"Cyber Crime Cell Notice: your account is scheduled for temporary suspension. this request is time-sensitive. Please log in to your Microsoft account to verify your details.","1","1","1","1","Cyber Crime Cell Notice: your account is scheduled for temporary suspension. this request is time-sensitive. Please log in to your Microsoft account to verify your details."
"Microsoft Security Team Notice: unauthorized access was detected on your account. this request is time-sensitive. Please log in to your Google account to verify your details.","1","1","1","1","Microsoft Security Team Notice: unauthorized access was detected on your account. this request is time-sensitive. Please log in to your Google account to verify your details."
"Local Police Station Notice: unauthorized access was detected on your account. failure to act may result in permanent suspension. Please log in to your WhatsApp account to verify your details.","1","1","1","1","Local Police Station Notice: unauthorized access was detected on your account. failure to act may result in permanent suspension. Please log in to your WhatsApp account to verify your details."
"Bank Fraud Department Notice: multiple failed login attempts were observed. please respond within 24 hours. Please log in to your Apple ID account to verify your details.","1","1","1","1","Bank Fraud Department Notice: multiple failed login attempts were observed. please respond within 24 hours. Please log in to your Apple ID account to verify your details."
"Facebook Security Update: Your account activity was reviewed and no action is required at this time.","0","0","0","0","Facebook Security Update: Your account activity was reviewed and no action is required at this time."
"Local Police Station Notice: multiple failed login attempts were observed. verify your identity immediately. Please log in to your Apple ID account to verify your details.","1","1","1","1","Local Police Station Notice: multiple failed login attempts were observed. verify your identity immediately. Please log in to your Apple ID account to verify your details."
"Income Tax Department Notice: your account has been flagged for suspicious activity. verify your identity immediately. Please log in to your WhatsApp account to verify your details.","1","1","1","1","Income Tax Department Notice: your account has been flagged for suspicious activity. verify your identity immediately. Please log in to your WhatsApp account to verify your details."
"Local Police Station Notice: your account is scheduled for temporary suspension. verify your identity immediately. Please log in to your Amazon account to verify your details.","1","1","1","1","Local Police Station Notice: your account is scheduled for temporary suspension. verify your identity immediately. Please log in to your Amazon account to verify your details."
"Google Security Notice: multiple failed login attempts were observed. immediate action is required. Please log in to your Netflix account to verify your details.","1","1","1","1","Google Security Notice: multiple failed login attempts were observed. immediate action is required. Please log in to your Netflix account to verify your details."
"Google Security Notice: multiple failed login attempts were observed. this request is time-sensitive. Please log in to your Microsoft account to verify your details.","1","1","1","1","Google Security Notice: multiple failed login attempts were observed. this request is time-sensitive. Please log in to your Microsoft account to verify your details."
"Google Security Notice: your account is scheduled for temporary suspension. failure to act may result in permanent suspension. Please log in to your Amazon account to verify your details.","1","1","1","1","Google Security Notice: your account is scheduled for temporary suspension. failure to act may result in permanent suspension. Please log in to your Amazon account to verify your details."
"Cyber Crime Cell Notice: your account has been flagged for suspicious activity. verify your identity immediately. Please log in to your Instagram account to verify your details.","1","1","1","1","Cyber Crime Cell Notice: your account has been flagged for suspicious activity. verify your identity immediately. Please log in to your Instagram account to verify your details."
"Cyber Crime Cell Notice: your account has been flagged for suspicious activity. please respond within 24 hours. Please log in to your Amazon account to verify your details.","1","1","1","1","Cyber Crime Cell Notice: your account has been flagged for suspicious activity. please respond within 24 hours. Please log in to your Amazon account to verify your details."
"CEO Office Notice: multiple failed login attempts were observed. immediate action is required. Please log in to your Netflix account to verify your details.","1","1","1","1","CEO Office Notice: multiple failed login attempts were observed. immediate action is required. Please log in to your Netflix account to verify your details."
"Reserve Bank of India Notice: unauthorized access was detected on your account. failure to act may result in permanent suspension. Please log in to your Apple ID account to verify your details.","1","1","1","1","Reserve Bank of India Notice: unauthorized access was detected on your account. failure to act may result in permanent suspension. Please log in to your Apple ID account to verify your details."
"CEO Office Notice: your account has been flagged for suspicious activity. verify your identity immediately. Please log in to your Apple ID account to verify your details.","1","1","1","1","CEO Office Notice: your account has been flagged for suspicious activity. verify your identity immediately. Please log in to your Apple ID account to verify your details."
"Bank Fraud Department Notice: a data breach has potentially exposed your information. please respond within 24 hours. Please log in to your WhatsApp account to verify your details.","1","1","1","1","Bank Fraud Department Notice: a data breach has potentially exposed your information. please respond within 24 hours. Please log in to your WhatsApp account to verify your details."
"Apple ID Security Update: Your account activity was reviewed and no action is required at this time.","0","0","0","0","Apple ID Security Update: Your account activity was reviewed and no action is required at this time."
"CEO Office Notice: your account is scheduled for temporary suspension. failure to act may result in permanent suspension. Please log in to your Apple ID account to verify your details.","1","1","1","1","CEO Office Notice: your account is scheduled for temporary suspension. failure to act may result in permanent suspension. Please log in to your Apple ID account to verify your details."
"CEO Office Notice: your account has been flagged for suspicious activity. failure to act may result in permanent suspension. Please log in to your PayPal account to verify your details.","1","1","1","1","CEO Office Notice: your account has been flagged for suspicious activity. failure to act may result in permanent suspension. Please log in to your PayPal account to verify your details."
"Cyber Crime Cell Notice: unauthorized access was detected on your account. please respond within 24 hours. Please log in to your WhatsApp account to verify your details.","1","1","1","1","Cyber Crime Cell Notice: unauthorized access was detected on your account. please respond within 24 hours. Please log in to your WhatsApp account to verify your details."
"HR Compliance Office Notice: your account is scheduled for temporary suspension. this request is time-sensitive. Please log in to your Netflix account to verify your details.","1","1","1","1","HR Compliance Office Notice: your account is scheduled for temporary suspension. this request is time-sensitive. Please log in to your Netflix account to verify your details."
"CEO Office Notice: unauthorized access was detected on your account. immediate action is required. Please log in to your Netflix account to verify your details.","1","1","1","1","CEO Office Notice: unauthorized access was detected on your account. immediate action is required. Please log in to your Netflix account to verify your details."
"Instagram Security Update: Your account activity was reviewed and no action is required at this time.","0","0","0","0","Instagram Security Update: Your account activity was reviewed and no action is required at this time."
"Google Security Notice: your account is scheduled for temporary suspension. verify your identity immediately. Please log in to your Netflix account to verify your details.","1","1","1","1","Google Security Notice: your account is scheduled for temporary suspension. verify your identity immediately. Please log in to your Netflix account to verify your details."
"Bank Fraud Department Notice: unauthorized access was detected on your account. immediate action is required. Please log in to your Netflix account to verify your details.","1","1","1","1","Bank Fraud Department Notice: unauthorized access was detected on your account. immediate action is required. Please log in to your Netflix account to verify your details."
"Bank Fraud Department Notice: multiple failed login attempts were observed. verify your identity immediately. Please log in to your Google account to verify your details.","1","1","1","1","Bank Fraud Department Notice: multiple failed login attempts were observed. verify your identity immediately. Please log in to your Google account to verify your details."
"Microsoft Security Team Notice: unauthorized access was detected on your account. immediate action is required. Please log in to your Facebook account to verify your details.","1","1","1","1","Microsoft Security Team Notice: unauthorized access was detected on your account. immediate action is required. Please log in to your Facebook account to verify your details."
"Reserve Bank of India Notice: multiple failed login attempts were observed. failure to act may result in permanent suspension. Please log in to your Microsoft account to verify your details.","1","1","1","1","Reserve Bank of India Notice: multiple failed login attempts were observed. failure to act may result in permanent suspension. Please log in to your Microsoft account to verify your details."
"Reserve Bank of India Notice: a data breach has potentially exposed your information. please respond within 24 hours. Please log in to your Google account to verify your details.","1","1","1","1","Reserve Bank of India Notice: a data breach has potentially exposed your information. please respond within 24 hours. Please log in to your Google account to verify your details."
"CEO Office Notice: your account has been flagged for suspicious activity. failure to act may result in permanent suspension. Please log in to your Apple ID account to verify your details.","1","1","1","1","CEO Office Notice: your account has been flagged for suspicious activity. failure to act may result in permanent suspension. Please log in to your Apple ID account to verify your details."
"CEO Office Notice: your account has been flagged for suspicious activity. failure to act may result in permanent suspension. Please log in to your Microsoft account to verify your details.","1","1","1","1","CEO Office Notice: your account has been flagged for suspicious activity. failure to act may result in permanent suspension. Please log in to your Microsoft account to verify your details."
"Bank Fraud Department Notice: unauthorized access was detected on your account. verify your identity immediately. Please log in to your WhatsApp account to verify your details.","1","1","1","1","Bank Fraud Department Notice: unauthorized access was detected on your account. verify your identity immediately. Please log in to your WhatsApp account to verify your details."
"Welcome to the new dashboard experience","0","0","0","0","Welcome to the new dashboard experience"
"Local Police Station Notice: your account is scheduled for temporary suspension. this request is time-sensitive. Please log in to your Instagram account to verify your details.","1","1","1","1","Local Police Station Notice: your account is scheduled for temporary suspension. this request is time-sensitive. Please log in to your Instagram account to verify your details."
"Google Security Update: Your account activity was reviewed and no action is required at this time.","0","0","0","0","Google Security Update: Your account activity was reviewed and no action is required at this time."
"Team meeting scheduled for next Monday","0","0","0","0","Team meeting scheduled for next Monday"
"Google Security Notice: your account has been flagged for suspicious activity. this request is time-sensitive. Please log in to your Amazon account to verify your details.","1","1","1","1","Google Security Notice: your account has been flagged for suspicious activity. this request is time-sensitive. Please log in to your Amazon account to verify your details."
"Google Security Notice: your account has been flagged for suspicious activity. please respond within 24 hours. Please log in to your Apple ID account to verify your details.","1","1","1","1","Google Security Notice: your account has been flagged for suspicious activity. please respond within 24 hours. Please log in to your Apple ID account to verify your details."
"Bank Fraud Department Notice: your account has been flagged for suspicious activity. failure to act may result in permanent suspension. Please log in to your Apple ID account to verify your details.","1","1","1","1","Bank Fraud Department Notice: your account has been flagged for suspicious activity. failure to act may result in permanent suspension. Please log in to your Apple ID account to verify your details."
"Google account settings page","0","0","0","0","Google account settings page"
"Welcome to Microsoft developer documentation","0","0","0","0","Welcome to Microsoft developer documentation"
"Amazon official help center","0","0","0","0","Amazon official help center"
"Apple privacy policy update","0","0","0","0","Apple privacy policy update"
"Facebook user dashboard overview","0","0","0","0","Facebook user dashboard overview"
"Learn more about Instagram services","0","0","0","0","Learn more about Instagram services"
"Netflix account activity summary","0","0","0","0","Netflix account activity summary"
"PayPal official login help page","0","0","0","0","PayPal official login help page"
"LinkedIn support documentation portal","0","0","0","0","LinkedIn support documentation portal"
"Twitter terms and conditions","0","0","0","0","Twitter terms and conditions"
"WhatsApp account settings page","0","0","0","0","WhatsApp account settings page"
"Welcome to RBI developer documentation","0","0","0","0","Welcome to RBI developer documentation"
"SBI official help center","0","0","0","0","SBI official help center"
"ICICI privacy policy update","0","0","0","0","ICICI privacy policy update"
"Google user dashboard overview","0","0","0","0","Google user dashboard overview"
"Learn more about Microsoft services","0","0","0","0","Learn more about Microsoft services"
"Amazon account activity summary","0","0","0","0","Amazon account activity summary"
"Apple official login help page","0","0","0","0","Apple official login help page"
"Facebook support documentation portal","0","0","0","0","Facebook support documentation portal"
"Instagram terms and conditions","0","0","0","0","Instagram terms and conditions"
"Netflix account settings page","0","0","0","0","Netflix account settings page"
"Welcome to PayPal developer documentation","0","0","0","0","Welcome to PayPal developer documentation"
"LinkedIn official help center","0","0","0","0","LinkedIn official help center"
"Twitter privacy policy update","0","0","0","0","Twitter privacy policy update"
"WhatsApp user dashboard overview","0","0","0","0","WhatsApp user dashboard overview"
"Learn more about RBI services","0","0","0","0","Learn more about RBI services"
"SBI account activity summary","0","0","0","0","SBI account activity summary"
"ICICI official login help page","0","0","0","0","ICICI official login help page"
"Google support documentation portal","0","0","0","0","Google support documentation portal"
"Microsoft terms and conditions","0","0","0","0","Microsoft terms and conditions"
"Amazon account settings page","0","0","0","0","Amazon account settings page"
"Welcome to Apple developer documentation","0","0","0","0","Welcome to Apple developer documentation"
"Facebook official help center","0","0","0","0","Facebook official help center"
"Instagram privacy policy update","0","0","0","0","Instagram privacy policy update"
"Netflix user dashboard overview","0","0","0","0","Netflix user dashboard overview"
"Learn more about PayPal services","0","0","0","0","Learn more about PayPal services"
"LinkedIn account activity summary","0","0","0","0","LinkedIn account activity summary"
"Twitter official login help page","0","0","0","0","Twitter official login help page"
"WhatsApp support documentation portal","0","0","0","0","WhatsApp support documentation portal"
"RBI terms and conditions","0","0","0","0","RBI terms and conditions"
"SBI account settings page","0","0","0","0","SBI account settings page"
"Welcome to ICICI developer documentation","0","0","0","0","Welcome to ICICI developer documentation"
"Google official help center","0","0","0","0","Google official help center"
"Microsoft privacy policy update","0","0","0","0","Microsoft privacy policy update"
"Amazon user dashboard overview","0","0","0","0","Amazon user dashboard overview"
"Learn more about Apple services","0","0","0","0","Learn more about Apple services"
"Facebook account activity summary","0","0","0","0","Facebook account activity summary"
"Instagram official login help page","0","0","0","0","Instagram official login help page"
"Netflix support documentation portal","0","0","0","0","Netflix support documentation portal"
"PayPal terms and conditions","0","0","0","0","PayPal terms and conditions"
"LinkedIn account settings page","0","0","0","0","LinkedIn account settings page"
"Welcome to Twitter developer documentation","0","0","0","0","Welcome to Twitter developer documentation"
"WhatsApp official help center","0","0","0","0","WhatsApp official help center"
"RBI privacy policy update","0","0","0","0","RBI privacy policy update"
"SBI user dashboard overview","0","0","0","0","SBI user dashboard overview"
"Learn more about ICICI services","0","0","0","0","Learn more about ICICI services"
"Google account activity summary","0","0","0","0","Google account activity summary"
"Microsoft official login help page","0","0","0","0","Microsoft official login help page"
"Amazon support documentation portal","0","0","0","0","Amazon support documentation portal"
"Apple terms and conditions","0","0","0","0","Apple terms and conditions"
"Facebook account settings page","0","0","0","0","Facebook account settings page"
"Welcome to Instagram developer documentation","0","0","0","0","Welcome to Instagram developer documentation"
"Netflix official help center","0","0","0","0","Netflix official help center"
"PayPal privacy policy update","0","0","0","0","PayPal privacy policy update"
"LinkedIn user dashboard overview","0","0","0","0","LinkedIn user dashboard overview"
"Learn more about Twitter services","0","0","0","0","Learn more about Twitter services"
"WhatsApp account activity summary","0","0","0","0","WhatsApp account activity summary"
"RBI official login help page","0","0","0","0","RBI official login help page"
"SBI support documentation portal","0","0","0","0","SBI support documentation portal"
"ICICI terms and conditions","0","0","0","0","ICICI terms and conditions"
"Google account settings page","0","0","0","0","Google account settings page"
"Welcome to Microsoft developer documentation","0","0","0","0","Welcome to Microsoft developer documentation"
"Amazon official help center","0","0","0","0","Amazon official help center"
"Apple privacy policy update","0","0","0","0","Apple privacy policy update"
"Facebook user dashboard overview","0","0","0","0","Facebook user dashboard overview"
"Learn more about Instagram services","0","0","0","0","Learn more about Instagram services"
"Netflix account activity summary","0","0","0","0","Netflix account activity summary"
"PayPal official login help page","0","0","0","0","PayPal official login help page"
"LinkedIn support documentation portal","0","0","0","0","LinkedIn support documentation portal"
"Twitter terms and conditions","0","0","0","0","Twitter terms and conditions"
"WhatsApp account settings page","0","0","0","0","WhatsApp account settings page"
"Welcome to RBI developer documentation","0","0","0","0","Welcome to RBI developer documentation"
"SBI official help center","0","0","0","0","SBI official help center"
"ICICI privacy policy update","0","0","0","0","ICICI privacy policy update"
"Google user dashboard overview","0","0","0","0","Google user dashboard overview"
"Learn more about Microsoft services","0","0","0","0","Learn more about Microsoft services"
"Amazon account activity summary","0","0","0","0","Amazon account activity summary"
"Apple official login help page","0","0","0","0","Apple official login help page"
"Facebook support documentation portal","0","0","0","0","Facebook support documentation portal"
"Instagram terms and conditions","0","0","0","0","Instagram terms and conditions"
"Netflix account settings page","0","0","0","0","Netflix account settings page"
"Welcome to PayPal developer documentation","0","0","0","0","Welcome to PayPal developer documentation"
"LinkedIn official help center","0","0","0","0","LinkedIn official help center"
"Twitter privacy policy update","0","0","0","0","Twitter privacy policy update"
"WhatsApp user dashboard overview","0","0","0","0","WhatsApp user dashboard overview"
"Learn more about RBI services","0","0","0","0","Learn more about RBI services"
"SBI account activity summary","0","0","0","0","SBI account activity summary"
"ICICI official login help page","0","0","0","0","ICICI official login help page"
"Google support documentation portal","0","0","0","0","Google support documentation portal"
"Microsoft terms and conditions","0","0","0","0","Microsoft terms and conditions"
"Amazon account settings page","0","0","0","0","Amazon account settings page"
"Welcome to Apple developer documentation","0","0","0","0","Welcome to Apple developer documentation"
"Facebook official help center","0","0","0","0","Facebook official help center"
"Instagram privacy policy update","0","0","0","0","Instagram privacy policy update"
"Netflix user dashboard overview","0","0","0","0","Netflix user dashboard overview"
"Learn more about PayPal services","0","0","0","0","Learn more about PayPal services"
"LinkedIn account activity summary","0","0","0","0","LinkedIn account activity summary"
"Twitter official login help page","0","0","0","0","Twitter official login help page"
"WhatsApp support documentation portal","0","0","0","0","WhatsApp support documentation portal"
"RBI terms and conditions","0","0","0","0","RBI terms and conditions"
"SBI account settings page","0","0","0","0","SBI account settings page"
"Welcome to ICICI developer documentation","0","0","0","0","Welcome to ICICI developer documentation"
"Google official help center","0","0","0","0","Google official help center"
"Microsoft privacy policy update","0","0","0","0","Microsoft privacy policy update"
"Amazon user dashboard overview","0","0","0","0","Amazon user dashboard overview"
"Learn more about Apple services","0","0","0","0","Learn more about Apple services"
"Facebook account activity summary","0","0","0","0","Facebook account activity summary"
"Instagram official login help page","0","0","0","0","Instagram official login help page"
"Netflix support documentation portal","0","0","0","0","Netflix support documentation portal"
"PayPal terms and conditions","0","0","0","0","PayPal terms and conditions"
"LinkedIn account settings page","0","0","0","0","LinkedIn account settings page"
"Welcome to Twitter developer documentation","0","0","0","0","Welcome to Twitter developer documentation"
"WhatsApp official help center","0","0","0","0","WhatsApp official help center"
"RBI privacy policy update","0","0","0","0","RBI privacy policy update"
"SBI user dashboard overview","0","0","0","0","SBI user dashboard overview"
"Learn more about ICICI services","0","0","0","0","Learn more about ICICI services"
"Google account activity summary","0","0","0","0","Google account activity summary"
"Microsoft official login help page","0","0","0","0","Microsoft official login help page"
"Amazon support documentation portal","0","0","0","0","Amazon support documentation portal"
"Apple terms and conditions","0","0","0","0","Apple terms and conditions"
"Facebook account settings page","0","0","0","0","Facebook account settings page"
"Welcome to Instagram developer documentation","0","0","0","0","Welcome to Instagram developer documentation"
"Netflix official help center","0","0","0","0","Netflix official help center"
"PayPal privacy policy update","0","0","0","0","PayPal privacy policy update"
"LinkedIn user dashboard overview","0","0","0","0","LinkedIn user dashboard overview"
"Learn more about Twitter services","0","0","0","0","Learn more about Twitter services"
"WhatsApp account activity summary","0","0","0","0","WhatsApp account activity summary"
"RBI official login help page","0","0","0","0","RBI official login help page"
"SBI support documentation portal","0","0","0","0","SBI support documentation portal"
"ICICI terms and conditions","0","0","0","0","ICICI terms and conditions"
"Google account settings page","0","0","0","0","Google account settings page"
"Welcome to Microsoft developer documentation","0","0","0","0","Welcome to Microsoft developer documentation"
"Amazon official help center","0","0","0","0","Amazon official help center"
"Apple privacy policy update","0","0","0","0","Apple privacy policy update"
"Facebook user dashboard overview","0","0","0","0","Facebook user dashboard overview"
"Learn more about Instagram services","0","0","0","0","Learn more about Instagram services"
"Netflix account activity summary","0","0","0","0","Netflix account activity summary"
"PayPal official login help page","0","0","0","0","PayPal official login help page"
"LinkedIn support documentation portal","0","0","0","0","LinkedIn support documentation portal"
"Twitter terms and conditions","0","0","0","0","Twitter terms and conditions"
"WhatsApp account settings page","0","0","0","0","WhatsApp account settings page"
"Welcome to RBI developer documentation","0","0","0","0","Welcome to RBI developer documentation"
"SBI official help center","0","0","0","0","SBI official help center"
"ICICI privacy policy update","0","0","0","0","ICICI privacy policy update"
"Google user dashboard overview","0","0","0","0","Google user dashboard overview"
"Learn more about Microsoft services","0","0","0","0","Learn more about Microsoft services"
"Amazon account activity summary","0","0","0","0","Amazon account activity summary"
"Apple official login help page","0","0","0","0","Apple official login help page"
"Facebook support documentation portal","0","0","0","0","Facebook support documentation portal"
"Instagram terms and conditions","0","0","0","0","Instagram terms and conditions"
"Netflix account settings page","0","0","0","0","Netflix account settings page"
"Welcome to PayPal developer documentation","0","0","0","0","Welcome to PayPal developer documentation"
"LinkedIn official help center","0","0","0","0","LinkedIn official help center"
"Twitter privacy policy update","0","0","0","0","Twitter privacy policy update"
"WhatsApp user dashboard overview","0","0","0","0","WhatsApp user dashboard overview"
"Learn more about RBI services","0","0","0","0","Learn more about RBI services"
"SBI account activity summary","0","0","0","0","SBI account activity summary"
"ICICI official login help page","0","0","0","0","ICICI official login help page"
"Google support documentation portal","0","0","0","0","Google support documentation portal"
"Microsoft terms and conditions","0","0","0","0","Microsoft terms and conditions"
"Amazon account settings page","0","0","0","0","Amazon account settings page"
"Welcome to Apple developer documentation","0","0","0","0","Welcome to Apple developer documentation"
"Facebook official help center","0","0","0","0","Facebook official help center"
"Instagram privacy policy update","0","0","0","0","Instagram privacy policy update"
"Netflix user dashboard overview","0","0","0","0","Netflix user dashboard overview"
"Learn more about PayPal services","0","0","0","0","Learn more about PayPal services"
"LinkedIn account activity summary","0","0","0","0","LinkedIn account activity summary"
"Twitter official login help page","0","0","0","0","Twitter official login help page"
"WhatsApp support documentation portal","0","0","0","0","WhatsApp support documentation portal"
"RBI terms and conditions","0","0","0","0","RBI terms and conditions"
"SBI account settings page","0","0","0","0","SBI account settings page"
"Welcome to ICICI developer documentation","0","0","0","0","Welcome to ICICI developer documentation"
"Google official help center","0","0","0","0","Google official help center"
"Microsoft privacy policy update","0","0","0","0","Microsoft privacy policy update"
"Amazon user dashboard overview","0","0","0","0","Amazon user dashboard overview"
"Learn more about Apple services","0","0","0","0","Learn more about Apple services"
"Facebook account activity summary","0","0","0","0","Facebook account activity summary"
"Instagram official login help page","0","0","0","0","Instagram official login help page"
"Netflix support documentation portal","0","0","0","0","Netflix support documentation portal"
"PayPal terms and conditions","0","0","0","0","PayPal terms and conditions"
"LinkedIn account settings page","0","0","0","0","LinkedIn account settings page"
"Welcome to Twitter developer documentation","0","0","0","0","Welcome to Twitter developer documentation"
"WhatsApp official help center","0","0","0","0","WhatsApp official help center"
"RBI privacy policy update","0","0","0","0","RBI privacy policy update"
"SBI user dashboard overview","0","0","0","0","SBI user dashboard overview"
"Learn more about ICICI services","0","0","0","0","Learn more about ICICI services"
"Google account activity summary","0","0","0","0","Google account activity summary"
"Microsoft official login help page","0","0","0","0","Microsoft official login help page"
"Amazon support documentation portal","0","0","0","0","Amazon support documentation portal"
"Apple terms and conditions","0","0","0","0","Apple terms and conditions"
"Facebook account settings page","0","0","0","0","Facebook account settings page"
"Welcome to Instagram developer documentation","0","0","0","0","Welcome to Instagram developer documentation"
"Netflix official help center","0","0","0","0","Netflix official help center"
"PayPal privacy policy update","0","0","0","0","PayPal privacy policy update"
"LinkedIn user dashboard overview","0","0","0","0","LinkedIn user dashboard overview"
"Learn more about Twitter services","0","0","0","0","Learn more about Twitter services"
"WhatsApp account activity summary","0","0","0","0","WhatsApp account activity summary"
"RBI official login help page","0","0","0","0","RBI official login help page"
"SBI support documentation portal","0","0","0","0","SBI support documentation portal"
"ICICI terms and conditions","0","0","0","0","ICICI terms and conditions"
"Google account settings page","0","0","0","0","Google account settings page"
"Welcome to Microsoft developer documentation","0","0","0","0","Welcome to Microsoft developer documentation"
"Amazon official help center","0","0","0","0","Amazon official help center"
"Apple privacy policy update","0","0","0","0","Apple privacy policy update"
"Facebook user dashboard overview","0","0","0","0","Facebook user dashboard overview"
"Learn more about Instagram services","0","0","0","0","Learn more about Instagram services"
"Netflix account activity summary","0","0","0","0","Netflix account activity summary"
"PayPal official login help page","0","0","0","0","PayPal official login help page"
"LinkedIn support documentation portal","0","0","0","0","LinkedIn support documentation portal"
"Twitter terms and conditions","0","0","0","0","Twitter terms and conditions"
"WhatsApp account settings page","0","0","0","0","WhatsApp account settings page"
"Welcome to RBI developer documentation","0","0","0","0","Welcome to RBI developer documentation"
"SBI official help center","0","0","0","0","SBI official help center"
"ICICI privacy policy update","0","0","0","0","ICICI privacy policy update"
"Google user dashboard overview","0","0","0","0","Google user dashboard overview"
"Learn more about Microsoft services","0","0","0","0","Learn more about Microsoft services"
"Amazon account activity summary","0","0","0","0","Amazon account activity summary"
"Apple official login help page","0","0","0","0","Apple official login help page"
"Facebook support documentation portal","0","0","0","0","Facebook support documentation portal"
"Instagram terms and conditions","0","0","0","0","Instagram terms and conditions"
"Netflix account settings page","0","0","0","0","Netflix account settings page"
"Welcome to PayPal developer documentation","0","0","0","0","Welcome to PayPal developer documentation"
"LinkedIn official help center","0","0","0","0","LinkedIn official help center"
"Twitter privacy policy update","0","0","0","0","Twitter privacy policy update"
"WhatsApp user dashboard overview","0","0","0","0","WhatsApp user dashboard overview"
"Learn more about RBI services","0","0","0","0","Learn more about RBI services"
"SBI account activity summary","0","0","0","0","SBI account activity summary"
"ICICI official login help page","0","0","0","0","ICICI official login help page"
"Google support documentation portal","0","0","0","0","Google support documentation portal"
"Microsoft terms and conditions","0","0","0","0","Microsoft terms and conditions"
"Amazon account settings page","0","0","0","0","Amazon account settings page"
"Welcome to Apple developer documentation","0","0","0","0","Welcome to Apple developer documentation"
"Facebook official help center","0","0","0","0","Facebook official help center"
"Instagram privacy policy update","0","0","0","0","Instagram privacy policy update"
"Netflix user dashboard overview","0","0","0","0","Netflix user dashboard overview"
"Learn more about PayPal services","0","0","0","0","Learn more about PayPal services"
"LinkedIn account activity summary","0","0","0","0","LinkedIn account activity summary"
"Twitter official login help page","0","0","0","0","Twitter official login help page"
"WhatsApp support documentation portal","0","0","0","0","WhatsApp support documentation portal"
"RBI terms and conditions","0","0","0","0","RBI terms and conditions"
"SBI account settings page","0","0","0","0","SBI account settings page"
"Welcome to ICICI developer documentation","0","0","0","0","Welcome to ICICI developer documentation"
"Google official help center","0","0","0","0","Google official help center"
"Microsoft privacy policy update","0","0","0","0","Microsoft privacy policy update"
"Amazon user dashboard overview","0","0","0","0","Amazon user dashboard overview"
"Learn more about Apple services","0","0","0","0","Learn more about Apple services"
"Facebook account activity summary","0","0","0","0","Facebook account activity summary"
"Instagram official login help page","0","0","0","0","Instagram official login help page"
"Netflix support documentation portal","0","0","0","0","Netflix support documentation portal"
"PayPal terms and conditions","0","0","0","0","PayPal terms and conditions"
"LinkedIn account settings page","0","0","0","0","LinkedIn account settings page"
"Welcome to Twitter developer documentation","0","0","0","0","Welcome to Twitter developer documentation"
"WhatsApp official help center","0","0","0","0","WhatsApp official help center"
"RBI privacy policy update","0","0","0","0","RBI privacy policy update"
"SBI user dashboard overview","0","0","0","0","SBI user dashboard overview"
"Learn more about ICICI services","0","0","0","0","Learn more about ICICI services"
"Google account activity summary","0","0","0","0","Google account activity summary"
"Microsoft official login help page","0","0","0","0","Microsoft official login help page"
"Amazon support documentation portal","0","0","0","0","Amazon support documentation portal"
"Apple terms and conditions","0","0","0","0","Apple terms and conditions"
"Facebook account settings page","0","0","0","0","Facebook account settings page"
"Welcome to Instagram developer documentation","0","0","0","0","Welcome to Instagram developer documentation"
"Netflix official help center","0","0","0","0","Netflix official help center"
"PayPal privacy policy update","0","0","0","0","PayPal privacy policy update"
"LinkedIn user dashboard overview","0","0","0","0","LinkedIn user dashboard overview"
"Learn more about Twitter services","0","0","0","0","Learn more about Twitter services"
"WhatsApp account activity summary","0","0","0","0","WhatsApp account activity summary"
"RBI official login help page","0","0","0","0","RBI official login help page"
"SBI support documentation portal","0","0","0","0","SBI support documentation portal"
"ICICI terms and conditions","0","0","0","0","ICICI terms and conditions"
"HR Department: Immediate account suspension required to avoid consequences.","1","1","1","1","HR Department: Immediate account suspension required to avoid consequences."
"Google Security: Immediate account suspension required to avoid consequences.","1","1","1","1","Google Security: Immediate account suspension required to avoid consequences."
"Google Security: Immediate wire transfer required to avoid consequences.","1","1","0","1","Google Security: Immediate wire transfer required to avoid consequences."
"Court of Law: Immediate legal action required to avoid consequences.","1","1","1","0","Court of Law: Immediate legal action required to avoid consequences."
"Income Tax Department: Immediate wire transfer required to avoid consequences.","1","1","0","1","Income Tax Department: Immediate wire transfer required to avoid consequences."
"CEO Office: Immediate verify immediately required to avoid consequences.","1","1","0","1","CEO Office: Immediate verify immediately required to avoid consequences."
"HR Department: Immediate verify immediately required to avoid consequences.","1","1","0","1","HR Department: Immediate verify immediately required to avoid consequences."
"Microsoft Security Team: Immediate payment required to avoid consequences.","1","1","0","1","Microsoft Security Team: Immediate payment required to avoid consequences."
"Microsoft Security Team: Immediate wire transfer required to avoid consequences.","1","1","0","1","Microsoft Security Team: Immediate wire transfer required to avoid consequences."
"CEO Office: Immediate verify immediately required to avoid consequences.","1","1","0","1","CEO Office: Immediate verify immediately required to avoid consequences."
"CEO Office: Immediate wire transfer required to avoid consequences.","1","1","0","1","CEO Office: Immediate wire transfer required to avoid consequences."
"Bank of India: Immediate legal action required to avoid consequences.","1","1","1","0","Bank of India: Immediate legal action required to avoid consequences."
"RBI: Immediate wire transfer required to avoid consequences.","1","1","0","1","RBI: Immediate wire transfer required to avoid consequences."
"Cyber Crime Cell: Immediate account suspension required to avoid consequences.","1","1","1","1","Cyber Crime Cell: Immediate account suspension required to avoid consequences."
"Income Tax Department: Immediate wire transfer required to avoid consequences.","1","1","0","1","Income Tax Department: Immediate wire transfer required to avoid consequences."
"Cyber Crime Cell: Immediate verify immediately required to avoid consequences.","1","1","0","1","Cyber Crime Cell: Immediate verify immediately required to avoid consequences."
"Income Tax Department: Immediate verify immediately required to avoid consequences.","1","1","0","1","Income Tax Department: Immediate verify immediately required to avoid consequences."
"RBI: Immediate legal action required to avoid consequences.","1","1","1","0","RBI: Immediate legal action required to avoid consequences."
"Google Security: Immediate wire transfer required to avoid consequences.","1","1","0","1","Google Security: Immediate wire transfer required to avoid consequences."
"Bank of India: Immediate verify immediately required to avoid consequences.","1","1","0","1","Bank of India: Immediate verify immediately required to avoid consequences."
"Bank of India: Immediate legal action required to avoid consequences.","1","1","1","0","Bank of India: Immediate legal action required to avoid consequences."
"CEO Office: Immediate wire transfer required to avoid consequences.","1","1","0","1","CEO Office: Immediate wire transfer required to avoid consequences."
"Cyber Crime Cell: Immediate payment required to avoid consequences.","1","1","0","1","Cyber Crime Cell: Immediate payment required to avoid consequences."
"RBI: Immediate verify immediately required to avoid consequences.","1","1","0","1","RBI: Immediate verify immediately required to avoid consequences."
"Income Tax Department: Immediate payment required to avoid consequences.","1","1","0","1","Income Tax Department: Immediate payment required to avoid consequences."
"Microsoft Security Team: Immediate wire transfer required to avoid consequences.","1","1","0","1","Microsoft Security Team: Immediate wire transfer required to avoid consequences."
"RBI: Immediate payment required to avoid consequences.","1","1","0","1","RBI: Immediate payment required to avoid consequences."
"Bank of India: Immediate verify immediately required to avoid consequences.","1","1","0","1","Bank of India: Immediate verify immediately required to avoid consequences."
"Microsoft Security Team: Immediate verify immediately required to avoid consequences.","1","1","0","1","Microsoft Security Team: Immediate verify immediately required to avoid consequences."
"Bank of India: Immediate account suspension required to avoid consequences.","1","1","1","1","Bank of India: Immediate account suspension required to avoid consequences."
"Bank of India: Immediate payment required to avoid consequences.","1","1","0","1","Bank of India: Immediate payment required to avoid consequences."
"CEO Office: Immediate verify immediately required to avoid consequences.","1","1","0","1","CEO Office: Immediate verify immediately required to avoid consequences."
"HR Department: Immediate wire transfer required to avoid consequences.","1","1","0","1","HR Department: Immediate wire transfer required to avoid consequences."
"Microsoft Security Team: Immediate payment required to avoid consequences.","1","1","0","1","Microsoft Security Team: Immediate payment required to avoid consequences."
"Microsoft Security Team: Immediate payment required to avoid consequences.","1","1","0","1","Microsoft Security Team: Immediate payment required to avoid consequences."
"CEO Office: Immediate wire transfer required to avoid consequences.","1","1","0","1","CEO Office: Immediate wire transfer required to avoid consequences."
"Police Department: Immediate verify immediately required to avoid consequences.","1","1","0","1","Police Department: Immediate verify immediately required to avoid consequences."
"Google Security: Immediate account suspension required to avoid consequences.","1","1","1","1","Google Security: Immediate account suspension required to avoid consequences."
"HR Department: Immediate payment required to avoid consequences.","1","1","0","1","HR Department: Immediate payment required to avoid consequences."
"Microsoft Security Team: Immediate account suspension required to avoid consequences.","1","1","1","1","Microsoft Security Team: Immediate account suspension required to avoid consequences."
"Court of Law: Immediate payment required to avoid consequences.","1","1","0","1","Court of Law: Immediate payment required to avoid consequences."
"Court of Law: Immediate payment required to avoid consequences.","1","1","0","1","Court of Law: Immediate payment required to avoid consequences."
"Bank of India: Immediate payment required to avoid consequences.","1","1","0","1","Bank of India: Immediate payment required to avoid consequences."
"Cyber Crime Cell: Immediate verify immediately required to avoid consequences.","1","1","0","1","Cyber Crime Cell: Immediate verify immediately required to avoid consequences."
"HR Department: Immediate payment required to avoid consequences.","1","1","0","1","HR Department: Immediate payment required to avoid consequences."
"Microsoft Security Team: Immediate wire transfer required to avoid consequences.","1","1","0","1","Microsoft Security Team: Immediate wire transfer required to avoid consequences."
"Income Tax Department: Immediate payment required to avoid consequences.","1","1","0","1","Income Tax Department: Immediate payment required to avoid consequences."
"Police Department: Immediate payment required to avoid consequences.","1","1","0","1","Police Department: Immediate payment required to avoid consequences."
"Police Department: Immediate account suspension required to avoid consequences.","1","1","1","1","Police Department: Immediate account suspension required to avoid consequences."
"Google Security: Immediate verify immediately required to avoid consequences.","1","1","0","1","Google Security: Immediate verify immediately required to avoid consequences."
"CEO Office: Immediate legal action required to avoid consequences.","1","1","1","0","CEO Office: Immediate legal action required to avoid consequences."
"Police Department: Immediate legal action required to avoid consequences.","1","1","1","0","Police Department: Immediate legal action required to avoid consequences."
"Police Department: Immediate legal action required to avoid consequences.","1","1","1","0","Police Department: Immediate legal action required to avoid consequences."
"Income Tax Department: Immediate payment required to avoid consequences.","1","1","0","1","Income Tax Department: Immediate payment required to avoid consequences."
"Google Security: Immediate account suspension required to avoid consequences.","1","1","1","1","Google Security: Immediate account suspension required to avoid consequences."
"Microsoft Security Team: Immediate verify immediately required to avoid consequences.","1","1","0","1","Microsoft Security Team: Immediate verify immediately required to avoid consequences."
"Income Tax Department: Immediate legal action required to avoid consequences.","1","1","1","0","Income Tax Department: Immediate legal action required to avoid consequences."
"HR Department: Immediate payment required to avoid consequences.","1","1","0","1","HR Department: Immediate payment required to avoid consequences."
"Cyber Crime Cell: Immediate account suspension required to avoid consequences.","1","1","1","1","Cyber Crime Cell: Immediate account suspension required to avoid consequences."
"CEO Office: Immediate legal action required to avoid consequences.","1","1","1","0","CEO Office: Immediate legal action required to avoid consequences."
"RBI: Immediate account suspension required to avoid consequences.","1","1","1","1","RBI: Immediate account suspension required to avoid consequences."
"HR Department: Immediate wire transfer required to avoid consequences.","1","1","0","1","HR Department: Immediate wire transfer required to avoid consequences."
"Google Security: Immediate wire transfer required to avoid consequences.","1","1","0","1","Google Security: Immediate wire transfer required to avoid consequences."
"Microsoft Security Team: Immediate payment required to avoid consequences.","1","1","0","1","Microsoft Security Team: Immediate payment required to avoid consequences."
"HR Department: Immediate payment required to avoid consequences.","1","1","0","1","HR Department: Immediate payment required to avoid consequences."
"Court of Law: Immediate verify immediately required to avoid consequences.","1","1","0","1","Court of Law: Immediate verify immediately required to avoid consequences."
"RBI: Immediate payment required to avoid consequences.","1","1","0","1","RBI: Immediate payment required to avoid consequences."
"RBI: Immediate wire transfer required to avoid consequences.","1","1","0","1","RBI: Immediate wire transfer required to avoid consequences."
"RBI: Immediate account suspension required to avoid consequences.","1","1","1","1","RBI: Immediate account suspension required to avoid consequences."
"Google Security: Immediate account suspension required to avoid consequences.","1","1","1","1","Google Security: Immediate account suspension required to avoid consequences."
"Police Department: Immediate wire transfer required to avoid consequences.","1","1","0","1","Police Department: Immediate wire transfer required to avoid consequences."
"RBI: Immediate verify immediately required to avoid consequences.","1","1","0","1","RBI: Immediate verify immediately required to avoid consequences."
"Bank of India: Immediate wire transfer required to avoid consequences.","1","1","0","1","Bank of India: Immediate wire transfer required to avoid consequences."
"Google Security: Immediate wire transfer required to avoid consequences.","1","1","0","1","Google Security: Immediate wire transfer required to avoid consequences."
"Bank of India: Immediate legal action required to avoid consequences.","1","1","1","0","Bank of India: Immediate legal action required to avoid consequences."
"Microsoft Security Team: Immediate payment required to avoid consequences.","1","1","0","1","Microsoft Security Team: Immediate payment required to avoid consequences."
"HR Department: Immediate legal action required to avoid consequences.","1","1","1","0","HR Department: Immediate legal action required to avoid consequences."
"Income Tax Department: Immediate verify immediately required to avoid consequences.","1","1","0","1","Income Tax Department: Immediate verify immediately required to avoid consequences."
"RBI: Immediate wire transfer required to avoid consequences.","1","1","0","1","RBI: Immediate wire transfer required to avoid consequences."
"Court of Law: Immediate verify immediately required to avoid consequences.","1","1","0","1","Court of Law: Immediate verify immediately required to avoid consequences."
"RBI: Immediate account suspension required to avoid consequences.","1","1","1","1","RBI: Immediate account suspension required to avoid consequences."
"Income Tax Department: Immediate account suspension required to avoid consequences.","1","1","1","1","Income Tax Department: Immediate account suspension required to avoid consequences."
"Microsoft Security Team: Immediate legal action required to avoid consequences.","1","1","1","0","Microsoft Security Team: Immediate legal action required to avoid consequences."
"Google Security: Immediate payment required to avoid consequences.","1","1","0","1","Google Security: Immediate payment required to avoid consequences."
"CEO Office: Immediate account suspension required to avoid consequences.","1","1","1","1","CEO Office: Immediate account suspension required to avoid consequences."
"RBI: Immediate legal action required to avoid consequences.","1","1","1","0","RBI: Immediate legal action required to avoid consequences."
"Court of Law: Immediate legal action required to avoid consequences.","1","1","1","0","Court of Law: Immediate legal action required to avoid consequences."
"HR Department: Immediate legal action required to avoid consequences.","1","1","1","0","HR Department: Immediate legal action required to avoid consequences."
"HR Department: Immediate wire transfer required to avoid consequences.","1","1","0","1","HR Department: Immediate wire transfer required to avoid consequences."
"Cyber Crime Cell: Immediate legal action required to avoid consequences.","1","1","1","0","Cyber Crime Cell: Immediate legal action required to avoid consequences."
"HR Department: Immediate account suspension required to avoid consequences.","1","1","1","1","HR Department: Immediate account suspension required to avoid consequences."
"Court of Law: Immediate verify immediately required to avoid consequences.","1","1","0","1","Court of Law: Immediate verify immediately required to avoid consequences."
"Court of Law: Immediate wire transfer required to avoid consequences.","1","1","0","1","Court of Law: Immediate wire transfer required to avoid consequences."
"RBI: Immediate account suspension required to avoid consequences.","1","1","1","1","RBI: Immediate account suspension required to avoid consequences."
"RBI: Immediate wire transfer required to avoid consequences.","1","1","0","1","RBI: Immediate wire transfer required to avoid consequences."
"CEO Office: Immediate legal action required to avoid consequences.","1","1","1","0","CEO Office: Immediate legal action required to avoid consequences."
"RBI: Immediate legal action required to avoid consequences.","1","1","1","0","RBI: Immediate legal action required to avoid consequences."
"RBI: Immediate account suspension required to avoid consequences.","1","1","1","1","RBI: Immediate account suspension required to avoid consequences."
"Microsoft Security Team: Immediate payment required to avoid consequences.","1","1","0","1","Microsoft Security Team: Immediate payment required to avoid consequences."
"Court of Law: Immediate verify immediately required to avoid consequences.","1","1","0","1","Court of Law: Immediate verify immediately required to avoid consequences."
"Court of Law: Immediate account suspension required to avoid consequences.","1","1","1","1","Court of Law: Immediate account suspension required to avoid consequences."
"Cyber Crime Cell: Immediate payment required to avoid consequences.","1","1","0","1","Cyber Crime Cell: Immediate payment required to avoid consequences."
"Police Department: Immediate legal action required to avoid consequences.","1","1","1","0","Police Department: Immediate legal action required to avoid consequences."
"Income Tax Department: Immediate payment required to avoid consequences.","1","1","0","1","Income Tax Department: Immediate payment required to avoid consequences."
"Court of Law: Immediate verify immediately required to avoid consequences.","1","1","0","1","Court of Law: Immediate verify immediately required to avoid consequences."
"Bank of India: Immediate legal action required to avoid consequences.","1","1","1","0","Bank of India: Immediate legal action required to avoid consequences."
"Cyber Crime Cell: Immediate payment required to avoid consequences.","1","1","0","1","Cyber Crime Cell: Immediate payment required to avoid consequences."
"HR Department: Immediate payment required to avoid consequences.","1","1","0","1","HR Department: Immediate payment required to avoid consequences."
"CEO Office: Immediate wire transfer required to avoid consequences.","1","1","0","1","CEO Office: Immediate wire transfer required to avoid consequences."
"Bank of India: Immediate payment required to avoid consequences.","1","1","0","1","Bank of India: Immediate payment required to avoid consequences."
"HR Department: Immediate verify immediately required to avoid consequences.","1","1","0","1","HR Department: Immediate verify immediately required to avoid consequences."
"RBI: Immediate account suspension required to avoid consequences.","1","1","1","1","RBI: Immediate account suspension required to avoid consequences."
"Police Department: Immediate wire transfer required to avoid consequences.","1","1","0","1","Police Department: Immediate wire transfer required to avoid consequences."
"Microsoft Security Team: Immediate legal action required to avoid consequences.","1","1","1","0","Microsoft Security Team: Immediate legal action required to avoid consequences."
"Google Security: Immediate account suspension required to avoid consequences.","1","1","1","1","Google Security: Immediate account suspension required to avoid consequences."
"Google Security: Immediate legal action required to avoid consequences.","1","1","1","0","Google Security: Immediate legal action required to avoid consequences."
"Cyber Crime Cell: Immediate legal action required to avoid consequences.","1","1","1","0","Cyber Crime Cell: Immediate legal action required to avoid consequences."
"Court of Law: Immediate payment required to avoid consequences.","1","1","0","1","Court of Law: Immediate payment required to avoid consequences."
"Court of Law: Immediate wire transfer required to avoid consequences.","1","1","0","1","Court of Law: Immediate wire transfer required to avoid consequences."
"HR Department: Immediate payment required to avoid consequences.","1","1","0","1","HR Department: Immediate payment required to avoid consequences."
"Police Department: Immediate payment required to avoid consequences.","1","1","0","1","Police Department: Immediate payment required to avoid consequences."
"Police Department: Immediate account suspension required to avoid consequences.","1","1","1","1","Police Department: Immediate account suspension required to avoid consequences."
"Cyber Crime Cell: Immediate legal action required to avoid consequences.","1","1","1","0","Cyber Crime Cell: Immediate legal action required to avoid consequences."
"Bank of India: Immediate payment required to avoid consequences.","1","1","0","1","Bank of India: Immediate payment required to avoid consequences."
"CEO Office: Immediate legal action required to avoid consequences.","1","1","1","0","CEO Office: Immediate legal action required to avoid consequences."
"Court of Law: Immediate account suspension required to avoid consequences.","1","1","1","1","Court of Law: Immediate account suspension required to avoid consequences."
"Microsoft Security Team: Immediate account suspension required to avoid consequences.","1","1","1","1","Microsoft Security Team: Immediate account suspension required to avoid consequences."
"Microsoft Security Team: Immediate payment required to avoid consequences.","1","1","0","1","Microsoft Security Team: Immediate payment required to avoid consequences."
"Income Tax Department: Immediate wire transfer required to avoid consequences.","1","1","0","1","Income Tax Department: Immediate wire transfer required to avoid consequences."
"Microsoft Security Team: Immediate verify immediately required to avoid consequences.","1","1","0","1","Microsoft Security Team: Immediate verify immediately required to avoid consequences."
"RBI: Immediate wire transfer required to avoid consequences.","1","1","0","1","RBI: Immediate wire transfer required to avoid consequences."
"Google Security: Immediate wire transfer required to avoid consequences.","1","1","0","1","Google Security: Immediate wire transfer required to avoid consequences."
"Income Tax Department: Immediate wire transfer required to avoid consequences.","1","1","0","1","Income Tax Department: Immediate wire transfer required to avoid consequences."
"Google Security: Immediate account suspension required to avoid consequences.","1","1","1","1","Google Security: Immediate account suspension required to avoid consequences."
"CEO Office: Immediate payment required to avoid consequences.","1","1","0","1","CEO Office: Immediate payment required to avoid consequences."
"Microsoft Security Team: Immediate legal action required to avoid consequences.","1","1","1","0","Microsoft Security Team: Immediate legal action required to avoid consequences."
"Police Department: Immediate payment required to avoid consequences.","1","1","0","1","Police Department: Immediate payment required to avoid consequences."
"Bank of India: Immediate account suspension required to avoid consequences.","1","1","1","1","Bank of India: Immediate account suspension required to avoid consequences."
"CEO Office: Immediate verify immediately required to avoid consequences.","1","1","0","1","CEO Office: Immediate verify immediately required to avoid consequences."
"Court of Law: Immediate payment required to avoid consequences.","1","1","0","1","Court of Law: Immediate payment required to avoid consequences."
"Cyber Crime Cell: Immediate payment required to avoid consequences.","1","1","0","1","Cyber Crime Cell: Immediate payment required to avoid consequences."
"Police Department: Immediate payment required to avoid consequences.","1","1","0","1","Police Department: Immediate payment required to avoid consequences."
"RBI: Immediate payment required to avoid consequences.","1","1","0","1","RBI: Immediate payment required to avoid consequences."
"Court of Law: Immediate wire transfer required to avoid consequences.","1","1","0","1","Court of Law: Immediate wire transfer required to avoid consequences."
"Court of Law: Immediate account suspension required to avoid consequences.","1","1","1","1","Court of Law: Immediate account suspension required to avoid consequences."
"Google Security: Immediate payment required to avoid consequences.","1","1","0","1","Google Security: Immediate payment required to avoid consequences."
"HR Department: Immediate verify immediately required to avoid consequences.","1","1","0","1","HR Department: Immediate verify immediately required to avoid consequences."
"Microsoft Security Team: Immediate payment required to avoid consequences.","1","1","0","1","Microsoft Security Team: Immediate payment required to avoid consequences."
"RBI: Immediate payment required to avoid consequences.","1","1","0","1","RBI: Immediate payment required to avoid consequences."
"Court of Law: Immediate account suspension required to avoid consequences.","1","1","1","1","Court of Law: Immediate account suspension required to avoid consequences."
"Police Department: Immediate payment required to avoid consequences.","1","1","0","1","Police Department: Immediate payment required to avoid consequences."
"Google Security: Immediate payment required to avoid consequences.","1","1","0","1","Google Security: Immediate payment required to avoid consequences."
"RBI: Immediate account suspension required to avoid consequences.","1","1","1","1","RBI: Immediate account suspension required to avoid consequences."
"RBI: Immediate wire transfer required to avoid consequences.","1","1","0","1","RBI: Immediate wire transfer required to avoid consequences."
"HR Department: Immediate account suspension required to avoid consequences.","1","1","1","1","HR Department: Immediate account suspension required to avoid consequences."
"Bank of India: Immediate account suspension required to avoid consequences.","1","1","1","1","Bank of India: Immediate account suspension required to avoid consequences."
"RBI: Immediate account suspension required to avoid consequences.","1","1","1","1","RBI: Immediate account suspension required to avoid consequences."
"Bank of India: Immediate wire transfer required to avoid consequences.","1","1","0","1","Bank of India: Immediate wire transfer required to avoid consequences."
"Google Security: Immediate wire transfer required to avoid consequences.","1","1","0","1","Google Security: Immediate wire transfer required to avoid consequences."
"Police Department: Immediate legal action required to avoid consequences.","1","1","1","0","Police Department: Immediate legal action required to avoid consequences."
"Microsoft Security Team: Immediate account suspension required to avoid consequences.","1","1","1","1","Microsoft Security Team: Immediate account suspension required to avoid consequences."
"Police Department: Immediate payment required to avoid consequences.","1","1","0","1","Police Department: Immediate payment required to avoid consequences."
"HR Department: Immediate verify immediately required to avoid consequences.","1","1","0","1","HR Department: Immediate verify immediately required to avoid consequences."
"HR Department: Immediate wire transfer required to avoid consequences.","1","1","0","1","HR Department: Immediate wire transfer required to avoid consequences."
"Microsoft Security Team: Immediate account suspension required to avoid consequences.","1","1","1","1","Microsoft Security Team: Immediate account suspension required to avoid consequences."
"Bank of India: Immediate verify immediately required to avoid consequences.","1","1","0","1","Bank of India: Immediate verify immediately required to avoid consequences."
"Cyber Crime Cell: Immediate payment required to avoid consequences.","1","1","0","1","Cyber Crime Cell: Immediate payment required to avoid consequences."
"Income Tax Department: Immediate legal action required to avoid consequences.","1","1","1","0","Income Tax Department: Immediate legal action required to avoid consequences."
"Bank of India: Immediate wire transfer required to avoid consequences.","1","1","0","1","Bank of India: Immediate wire transfer required to avoid consequences."
"Bank of India: Immediate wire transfer required to avoid consequences.","1","1","0","1","Bank of India: Immediate wire transfer required to avoid consequences."
"CEO Office: Immediate wire transfer required to avoid consequences.","1","1","0","1","CEO Office: Immediate wire transfer required to avoid consequences."
"CEO Office: Immediate payment required to avoid consequences.","1","1","0","1","CEO Office: Immediate payment required to avoid consequences."
"Bank of India: Immediate legal action required to avoid consequences.","1","1","1","0","Bank of India: Immediate legal action required to avoid consequences."
"Cyber Crime Cell: Immediate verify immediately required to avoid consequences.","1","1","0","1","Cyber Crime Cell: Immediate verify immediately required to avoid consequences."
"Cyber Crime Cell: Immediate legal action required to avoid consequences.","1","1","1","0","Cyber Crime Cell: Immediate legal action required to avoid consequences."
"HR Department: Immediate verify immediately required to avoid consequences.","1","1","0","1","HR Department: Immediate verify immediately required to avoid consequences."
"Google Security: Immediate account suspension required to avoid consequences.","1","1","1","1","Google Security: Immediate account suspension required to avoid consequences."
"Microsoft Security Team: Immediate wire transfer required to avoid consequences.","1","1","0","1","Microsoft Security Team: Immediate wire transfer required to avoid consequences."
"RBI: Immediate legal action required to avoid consequences.","1","1","1","0","RBI: Immediate legal action required to avoid consequences."
"HR Department: Immediate wire transfer required to avoid consequences.","1","1","0","1","HR Department: Immediate wire transfer required to avoid consequences."
"RBI: Immediate legal action required to avoid consequences.","1","1","1","0","RBI: Immediate legal action required to avoid consequences."
"RBI: Immediate account suspension required to avoid consequences.","1","1","1","1","RBI: Immediate account suspension required to avoid consequences."
"CEO Office: Immediate legal action required to avoid consequences.","1","1","1","0","CEO Office: Immediate legal action required to avoid consequences."
"HR Department: Immediate wire transfer required to avoid consequences.","1","1","0","1","HR Department: Immediate wire transfer required to avoid consequences."
"Police Department: Immediate payment required to avoid consequences.","1","1","0","1","Police Department: Immediate payment required to avoid consequences."
"Court of Law: Immediate wire transfer required to avoid consequences.","1","1","0","1","Court of Law: Immediate wire transfer required to avoid consequences."
"Microsoft Security Team: Immediate verify immediately required to avoid consequences.","1","1","0","1","Microsoft Security Team: Immediate verify immediately required to avoid consequences."
"RBI: Immediate wire transfer required to avoid consequences.","1","1","0","1","RBI: Immediate wire transfer required to avoid consequences."
"HR Department: Immediate account suspension required to avoid consequences.","1","1","1","1","HR Department: Immediate account suspension required to avoid consequences."
"Google Security: Immediate wire transfer required to avoid consequences.","1","1","0","1","Google Security: Immediate wire transfer required to avoid consequences."
"Police Department: Immediate wire transfer required to avoid consequences.","1","1","0","1","Police Department: Immediate wire transfer required to avoid consequences."
"HR Department: Immediate legal action required to avoid consequences.","1","1","1","0","HR Department: Immediate legal action required to avoid consequences."
"Google Security: Immediate verify immediately required to avoid consequences.","1","1","0","1","Google Security: Immediate verify immediately required to avoid consequences."
"RBI: Immediate legal action required to avoid consequences.","1","1","1","0","RBI: Immediate legal action required to avoid consequences."
"HR Department: Immediate verify immediately required to avoid consequences.","1","1","0","1","HR Department: Immediate verify immediately required to avoid consequences."
"Police Department: Immediate verify immediately required to avoid consequences.","1","1","0","1","Police Department: Immediate verify immediately required to avoid consequences."
"Court of Law: Immediate account suspension required to avoid consequences.","1","1","1","1","Court of Law: Immediate account suspension required to avoid consequences."
"CEO Office: Immediate legal action required to avoid consequences.","1","1","1","0","CEO Office: Immediate legal action required to avoid consequences."
"Police Department: Immediate account suspension required to avoid consequences.","1","1","1","1","Police Department: Immediate account suspension required to avoid consequences."
"RBI: Immediate payment required to avoid consequences.","1","1","0","1","RBI: Immediate payment required to avoid consequences."
"RBI: Immediate wire transfer required to avoid consequences.","1","1","0","1","RBI: Immediate wire transfer required to avoid consequences."
"HR Department: Immediate wire transfer required to avoid consequences.","1","1","0","1","HR Department: Immediate wire transfer required to avoid consequences."
"RBI: Immediate verify immediately required to avoid consequences.","1","1","0","1","RBI: Immediate verify immediately required to avoid consequences."
"Cyber Crime Cell: Immediate payment required to avoid consequences.","1","1","0","1","Cyber Crime Cell: Immediate payment required to avoid consequences."
"Google Security: Immediate verify immediately required to avoid consequences.","1","1","0","1","Google Security: Immediate verify immediately required to avoid consequences."
"Court of Law: Immediate wire transfer required to avoid consequences.","1","1","0","1","Court of Law: Immediate wire transfer required to avoid consequences."
"Google Security: Immediate wire transfer required to avoid consequences.","1","1","0","1","Google Security: Immediate wire transfer required to avoid consequences."
"Google Security: Immediate payment required to avoid consequences.","1","1","0","1","Google Security: Immediate payment required to avoid consequences."
"RBI: Immediate wire transfer required to avoid consequences.","1","1","0","1","RBI: Immediate wire transfer required to avoid consequences."
"HR Department: Immediate wire transfer required to avoid consequences.","1","1","0","1","HR Department: Immediate wire transfer required to avoid consequences."
"Income Tax Department: Immediate verify immediately required to avoid consequences.","1","1","0","1","Income Tax Department: Immediate verify immediately required to avoid consequences."
"Google Security: Immediate payment required to avoid consequences.","1","1","0","1","Google Security: Immediate payment required to avoid consequences."
"Google Security: Immediate account suspension required to avoid consequences.","1","1","1","1","Google Security: Immediate account suspension required to avoid consequences."
"HR Department: Immediate payment required to avoid consequences.","1","1","0","1","HR Department: Immediate payment required to avoid consequences."
"Bank of India statement available for download","0","1","0","0","Bank of India statement available for download"
"Official notice from HR regarding holiday policy","0","1","0","0","Official notice from HR regarding holiday policy"
"Microsoft account security tips newsletter","0","1","0","0","Microsoft account security tips newsletter"
"Income Tax portal scheduled maintenance notice","0","1","0","0","Income Tax portal scheduled maintenance notice"
"Court holiday notification for public reference","0","1","0","0","Court holiday notification for public reference"
"Official notice from HR regarding holiday policy","0","1","0","0","Official notice from HR regarding holiday policy"
"Bank of India statement available for download","0","1","0","0","Bank of India statement available for download"
"Income Tax portal scheduled maintenance notice","0","1","0","0","Income Tax portal scheduled maintenance notice"
"Microsoft account security tips newsletter","0","1","0","0","Microsoft account security tips newsletter"
"Court holiday notification for public reference","0","1","0","0","Court holiday notification for public reference"
